study_id,reference,mentions_carbon,mentions_biomass
Congdon V.M._et_al_2017,"Congdon, V.M., S.S. Wilson, and K.H. Dunton, Evaluation of relationships between cover estimates and biomass in subtropical seagrass meadows and application to landscape estimates of carbon storage. Southeastern Geographer, 2017.",TRUE,TRUE
Delgard M.L._et_al_2016,"Delgard, M.L., et al., Biogeochemistry of dissolved inorganic carbon and nutrients in seagrass (Zostera noltei) sediments at high and low biomass. Estuarine, Coastal and Shelf Science, 2016.",TRUE,TRUE
Reyes A._et_al_2022,"Reyes, A. G. B., Vergara, M. C. S., Blanco, A. C., & Salmo III, S. G. (2022). Seagrass biomass and sediment carbon in conserved and disturbed seascape. Ecological Research, 37(1), 67-79.",TRUE,TRUE
Ajani J._et_al_2014,"Ajani, J., & Comisari, P. (2014). Towards a comprehensive and fully integrated stock and flow framework for carbon accounting in Australia. In HC Coombs Policy Forum Discussion Paper. ANU Canberra, Australia.",TRUE,FALSE
Alberto Guerra-Vargas_et_al_2020,"Alberto Guerra-Vargas, L., L. Gwen Gillis, and J. Ernesto Mancera-Pineda, Stronger Together: Do Coral Reefs Enhance Seagrass Meadows ""Blue Carbon"" Potential? Frontiers in Marine Science, 2020.",TRUE,FALSE
Alemu J._et_al_2022,"Alemu, J. B., Yaakub, S. M., Yando, E. S., San Lau, R. Y., Lim, C. C., Puah, J. Y., & Friess, D. A. (2022). Geomorphic gradients in shallow seagrass carbon stocks. Estuarine, Coastal and Shelf Science, 265, 107681.",TRUE,FALSE
Alongi D.M._et_al_1998,"Alongi, D.M., et al., Sources, sinks, and export of organic carbon through a tropical, semi-enclosed delta (Hinchinbrook Channel, Australia). Mangroves and Salt Marshes, 1998.",TRUE,FALSE
Alongi D.M._et_al_2016,"Alongi, D.M., et al., Indonesia’s blue carbon: a globally significant and vulnerable sink for seagrass and mangrove carbon. Wetlands Ecology and Management, 2016.",TRUE,FALSE
Alongi D.M._et_al_2018,"Alongi, D.M., The Blue Economy: Mitigation and Adaptation. Blue Carbon: Coastal Sequestration for Climate Change Mitigation, 2018.",TRUE,FALSE
Angrelina I._et_al_2018,"Angrelina, I., A. Sartimbul, and A.J. Wahyudi, The potential of seagrass beds on the coast of Putri Menjangan as a carbon sequestration ecosystem on Bali Island. 2nd International Conference on Integrated Coastal Management and Marine Biotechnology (IC-ICMMBT), 2018.",TRUE,FALSE
Aoki L._et_al_2021,"Aoki, L. R., McGlathery, K. J., Wiberg, P. L., Oreska, M. P., Berger, A. C., Berg, P., & Orth, R. J. (2021). Seagrass recovery following marine heat wave influences sediment carbon stocks. Frontiers in Marine Science, 7, 1170.",TRUE,FALSE
Apostolaki E.T._et_al_2011,"Apostolaki, E.T., et al., Reduced carbon sequestration in a Mediterranean seagrass (Posidonia oceanica) ecosystem impacted by fish farming. Aquaculture Environment Interactions, 2011.",TRUE,FALSE
Arias-Ortiz A._et_al_2018,"Arias-Ortiz, A., Serrano, O., Masqué, P., Lavery, P.S., Mueller, U., Kendrick, G.A., Rozaimi, M., Esteban, A., Fourqurean, J.W., Marbà, N.J.N.C.C. and Mateo, M.A., 2018. A marine heatwave drives massive losses from the world’s largest seagrass carbon stocks. Nature Climate Change, 8(4), pp.338-344.",TRUE,FALSE
Armitage A._et_al_2016,"Armitage, A. and J. Fourqurean, Carbon storage in seagrass soils: long-term nutrient history exceeds the effects of near-term nutrient enrichment. Biogeosciences, 2016.",TRUE,FALSE
Arney R.N._et_al_2021,"Arney, R.N., et al., Soil Carbon and Nitrogen Storage in Natural and Prop-Scarred Thalassia Testudinum Seagrass Meadows. Estuaries and Coasts, 2021.",TRUE,FALSE
Asplund M.E._et_al_2021,"Asplund, M.E., Dahl, M., Ismail, R.O., Arias-Ortiz, A., Deyanova, D., Franco, J.N., Hammar, L., Hoamby, A.I., Linderholm, H.W., Lyimo, L.D. and Perry, D., 2021. Dynamics and fate of blue carbon in a mangrove–seagrass seascape: influence of landscape configuration and land-use change. Landscape Ecology, 36(5), pp.1489-1509.",TRUE,FALSE
Astuty I.S._et_al_2019,"Astuty, I.S. and P. Wicaksono, Seagrass species composition and above-ground carbon stock mapping in Parang Island using Planetscope image. Proceedings of SPIE - The International Society for Optical Engineering, 2019.",TRUE,FALSE
Barrón C._et_al_2006,"Barrón, C., et al., Organic carbon metabolism and carbonate dynamics in a Mediterranean seagrass (Posidonia oceanica) meadow. Estuaries and Coasts, 2006.",TRUE,FALSE
Barrón C._et_al_2014,"Barrón, C., E.T. Apostolaki, and C.M. Duarte, Dissolved organic carbon fluxes by seagrass meadows and macroalgal beds. Frontiers in Marine Science, 2014.",TRUE,FALSE
Bedulli C._et_al_2020,"Bedulli, C., Lavery, P. S., Harvey, M., Duarte, C. M., & Serrano, O. (2020). Contribution of seagrass blue carbon toward carbon neutral policies in a touristic and environmentally-friendly island. Frontiers in Marine Science, 7, 1.",TRUE,FALSE
Beer S._et_al_1997,"Beer, S. and J. Rehnberg, The acquisition of inorganic carbon by the seagrass Zostera marina. Aquatic Botany, 1997.",TRUE,FALSE
Boschker H.T.S._et_al_2000,"Boschker, H.T.S., et al., Limited coupling of macrophyte production and bacterial carbon cycling in the sediments of Zostera spp. meadows. Marine Ecology Progress Series, 2000.",TRUE,FALSE
Bouillon S._et_al_2004,"Bouillon, S., T. Moens, and F. Dehairs, Carbon sources supporting benthic mineralization in mangrove and adjacent seagrass sediments (Gazi Bay, Kenya). Biogeosciences, 2004.",TRUE,FALSE
Bouillon S._et_al_2007,"Bouillon, S., et al., Dynamics of organic and inorganic carbon across contiguous mangrove and seagrass systems (Gazi Bay, Kenya). Journal of Geophysical Research: Biogeosciences, 2007.",TRUE,FALSE
Bouillon S._et_al_2009,"Bouillon, S. and R.M. Connolly, Carbon exchange among tropical coastal ecosystems. Ecological Connectivity among Tropical Coastal Ecosystems, 2009.",TRUE,FALSE
Bulmer R._et_al_2020,"Bulmer, R. H., Stephenson, F., Jones, H. F., Townsend, M., Hillman, J. R., Schwendenmann, L., & Lundquist, C. J. (2020). Blue carbon stocks and cross-habitat subsidies. Frontiers in Marine Science, 380.",TRUE,FALSE
Burkholz C._et_al_2020,"Burkholz, C., N. Garcias-Bonet, and C.M. Duarte, Warming enhances carbon dioxide and methane fluxes from Red Sea seagrass (Halophila stipulacea) sediments. Biogeosciences, 2020.",TRUE,FALSE
Cacho C.V._et_al_2021,"Cacho, C.V., et al., Local geomorphological gradients affect sedimentary organic carbon storage: A Blue Carbon case study from sub-tropical Australia. Regional Studies in Marine Science, 2021.",TRUE,FALSE
Carolina Ruiz-Fernandez_et_al_2020,"Carolina Ruiz-Fernandez, A., et al., Increasing salinization and organic carbon burial rates in seagrass meadows from an anthropogenically-modified coastal lagoon in southern Gulf of Mexico. Estuarine Coastal and Shelf Science, 2020.",TRUE,FALSE
Cebrian J._et_al_2001,"Cebrian, J. and C. Duarte, Detrital stocks and dynamics of the seagrass Posidonia oceanica (L.) Delile in the Spanish Mediterranean. Aquatic botany, 2001.",TRUE,FALSE
Cebrian J._et_al_2002,"Cebrian, J., Variability and control of carbon consumption, export, and accumulation in marine communities. Limnology and Oceanography, 2002.",TRUE,FALSE
Clavier J._et_al_2011,"Clavier, J., Chauvaud, L., Carlier, A., Amice, E., Van der Geest, M., Labrosse, P., Diagne, A. and Hily, C., 2011. Aerial and underwater carbon metabolism of a Zostera noltii seagrass bed in the Banc d’Arguin, Mauritania. Aquatic Botany, 95(1), pp.24-30.",TRUE,FALSE
Costa M.D.d.P._et_al_2021,"Costa, M.D.d.P., et al., Current and future carbon stocks in coastal wetlands within the Great Barrier Reef catchments. Global Change Biology, 2021.",TRUE,FALSE
Cuellar-Martinez T._et_al_2019,"Cuellar-Martinez, T., et al., Relevance of carbon burial and storage in two contrasting blue carbon ecosystems of a north-east Pacific coastal lagoon. Science of the Total Environment, 2019.",TRUE,FALSE
Cuellar-Martinez T._et_al_2020,"Cuellar-Martinez, T., et al., Temporal records of organic carbon stocks and burial rates in Mexican blue carbon coastal ecosystems throughout the Anthropocene. Global and Planetary Change, 2020.",TRUE,FALSE
Cusack M._et_al_2018,"Cusack, M., Saderne, V., Arias-Ortiz, A., Masque, P., Krishnakumar, P.K., Rabaoui, L., Qurban, M.A., Qasem, A.M., Prihartato, P., Loughland, R.A. and Elyas, A.A., 2018. Organic carbon sequestration and storage in vegetated coastal habitats along the western coast of the Arabian Gulf. Environmental Research Letters, 13(7), p.074007.",TRUE,FALSE
Dahl M._et_al_2016,"Dahl, M., et al., Effects of shading and simulated grazing on carbon sequestration in a tropical seagrass meadow. Journal of …, 2016.",TRUE,FALSE
Dahl M._et_al_2020,"Dahl, M., et al., The influence of hydrodynamic exposure on carbon storage and nutrient retention in eelgrass (Zostera marina L.) meadows on the Swedish Skagerrak coast. Scientific Reports, 2020.",TRUE,FALSE
Dahl M._et_al_2021,"Dahl, M., M. Björk, and M. Gullström, Effects of seagrass overgrazing on sediment erosion and carbon sink capacity: Current understanding and future priorities. Limnology And Oceanography Letters, 2021.",TRUE,FALSE
De Falco_et_al_2008,"De Falco, G., Baroli, M., Cucco, A., and  Simeone, S. (2008). Intrabasinal conditions promoting the development of a biogenic carbonate sedimentary facies associated with the seagrass Posidonia oceanica. Continental Shelf Research, 28(6), 797-812.",TRUE,FALSE
Duan X.N._et_al_2008,"Duan, X.N., Fei, X.K., 2008. Carbon sequestration and its potential by wetland ecosystems in China. Acta Ecol. Sin. 28 (2), 463–469.",TRUE,FALSE
Duarte C._et_al_2010,"Duarte, C. M., Marbà, N., Gacia, E., Fourqurean, J. W., Beggins, J., Barrón, C., & Apostolaki, E. T. (2010). Seagrass community metabolism: Assessing the carbon sink capacity of seagrass meadows. Global Biogeochemical Cycles, 24(4).",TRUE,FALSE
Duarte C._et_al_2013,"Duarte, C., et al., Assessing the capacity of seagrass meadows for carbon burial: current limitations and future strategies. Ocean & coastal …, 2013.",TRUE,FALSE
Duarte C._et_al_2017,"Duarte, C. and D. Krause-Jensen, Export from seagrass meadows contributes to marine carbon sequestration. Frontiers in Marine Science, 2017.",TRUE,FALSE
Duarte C.M._et_al_2005,"Duarte, C.M., J.J. Middelburg, and N. Caraco, Major role of marine vegetation on the oceanic carbon cycle. Biogeosciences, 2005.",TRUE,FALSE
Duarte C.M._et_al_2010,"Duarte, C.M., et al., Seagrass community metabolism: Assessing the carbon sink capacity of seagrass meadows. Global Biogeochemical Cycles, 2010.",TRUE,FALSE
Egea L.G._et_al_2019,"Egea, L.G., et al., Effect of In Situ short-term temperature increase on carbon metabolism and dissolved organic carbon (DOC) fluxes in a community dominated by the seagrass Cymodocea nodosa. Plos One, 2019.",TRUE,FALSE
Enríquez S._et_al_2019,"Enríquez, S., et al., Structural complexity governs seagrass acclimatization to depth with relevant consequences for meadow production, macrophyte diversity and habitat carbon storage capacity. Scientific Reports, 2019.",TRUE,FALSE
Erftemeijer P._et_al_1994,"Erftemeijer, P., Differences in nutrient concentrations and resources between seagrass communities on carbonate and terrigenous sediments in South Sulawesi, Indonesia. Bulletin of Marine Science, 1994.",TRUE,FALSE
Ewers Lewis_et_al_2018,"Ewers Lewis, C.J., et al., Variability and Vulnerability of Coastal ‘Blue Carbon’ Stocks: A Case Study from Southeast Australia. Ecosystems, 2018.",TRUE,FALSE
Ewers Lewis_et_al_2020,"Ewers Lewis, C.J., et al., Drivers and modelling of blue carbon stock variability in sediments of southeastern Australia. Biogeosciences, 2020.",TRUE,FALSE
Fourqurean J.W._et_al_2012,"Fourqurean, J.W., Duarte, C.M., Kennedy, H., Marbà, N., Holmer, M., Mateo, M.A., Apostolaki, E.T., Kendrick, G.A., Krause-Jensen, D., McGlathery, K.J. and Serrano, O., 2012. Seagrass ecosystems as a globally significant carbon stock. Nature geoscience, 5(7), pp.505-509.",TRUE,FALSE
Fourqurean J.W._et_al_2012,"Fourqurean, J.W., et al., Carbon, nitrogen and phosphorus storage in subtropical seagrass meadows: Examples from Florida Bay and Shark Bay. Marine and Freshwater Research, 2012.",TRUE,FALSE
Frankignoulle M._et_al_1987,"Frankignoulle, M., & Bouquegneau, J. M. (1987). Seasonal variation of the diel carbon budget of a marine macrophyte ecosystem. Mar. Ecol. Prog. Ser, 38, 197-199.",TRUE,FALSE
Fu C._et_al_2021,"Fu, C., Li, Y., Zeng, L., Zhang, H., Tu, C., Zhou, Q., ... & Luo, Y. (2021). Stocks and losses of soil organic carbon from Chinese vegetated coastal habitats. Global change biology, 27(1), 202-214.",TRUE,FALSE
Furuta A._et_al_2002,"Furuta, A., Ishikawa, Y., Hagawa, T., Yamamoto, Y., and Suzuki, Y. (2002). Cycling of organic carbon and nitrogen in seagrass beds at Aburatsubo Bay. Geoscience Reports from Shizuoka University 29, 13-21.",TRUE,FALSE
Gallagher J._et_al_2022,"Gallagher, J. B., Zhang, K., & Chuan, C. H. (2022). A Re-evaluation of Wetland Carbon Sink Mitigation Concepts and Measurements: A Diagenetic Solution. Wetlands, 42(3), 1-15.",TRUE,FALSE
Gallagher J.B._et_al_2020,"Gallagher, J.B., et al., Valuing Carbon Stocks across a Tropical Lagoon after Accounting for Black and Inorganic Carbon: Bulk Density Proxies for Monitoring. Journal of Coastal Research, 2020.",TRUE,FALSE
Gallagher J.B._et_al_2021,"Gallagher, J.B., V. Prahalad, and J. Aalders, Inorganic and Black Carbon Hotspots Constrain Blue Carbon Mitigation Services Across Tropical Seagrass and Temperate Tidal Marshes. Wetlands, 2021.",TRUE,FALSE
Ganguly D._et_al_2017,"Ganguly, D., et al., Seagrass metabolism and carbon dynamics in a tropical coastal embayment. Ambio, 2017.",TRUE,FALSE
Ganguly D._et_al_2018,"Ganguly, D., et al., Valuing the carbon sequestration regulation service by seagrass ecosystems of Palk Bay and Chilika, India. Ocean and Coastal Management, 2018.",TRUE,FALSE
Garrard S.L._et_al_2014,"Garrard, S.L. and N.J. Beaumont, The effect of ocean acidification on carbon storage and sequestration in seagrass beds; a global and UK context. Marine Pollution Bulletin, 2014.",TRUE,FALSE
Githaiga M._et_al_2017,"Githaiga, M. N., Kairo, J. G., Gilpin, L., & Huxham, M. (2017). Carbon storage in the seagrass meadows of Gazi Bay, Kenya. PloS one, 12(5), e0177001.",TRUE,FALSE
Githaiga M._et_al_2019,"Githaiga, M., et al., Seagrass removal leads to rapid changes in fauna and loss of carbon. Frontiers in Ecology and …, 2019.",TRUE,FALSE
Green A._et_al_2018,"Green, A., Chadwick, M. A., & Jones, P. J. (2018). Variability of UK seagrass sediment carbon: Implications for blue carbon estimates and marine conservation management. PloS one, 13(9).",TRUE,FALSE
Greiner J._et_al_2013,"Greiner, J., et al., Seagrass restoration enhances “blue carbon” sequestration in coastal waters. PloS one, 2013.",TRUE,FALSE
Guerra-Vargas L._et_al_2020,"Guerra-Vargas, L. A., Gillis, L. G., & Mancera-Pineda, J. E. (2020). Stronger together: do coral reefs enhance seagrass meadows “blue carbon” potential?. Frontiers in Marine Science, 628.",TRUE,FALSE
Gullström M._et_al_2018,"Gullström, M., Lyimo, L.D., Dahl, M., Samuelsson, G.S., Eggertsen, M., Anderberg, E., Rasmusson, L.M., Linderholm, H.W., Knudby, A., Bandeira, S. and Nordlund, L.M., 2018. Blue carbon storage in tropical seagrass meadows relates to carbonate stock dynamics, plant–sediment processes, and landscape context: insights from the western Indian Ocean. Ecosystems, 21(3), pp.551-566.",TRUE,FALSE
Gullström M._et_al_2021,"Gullström, M., Dahl, M., Lindén, O., Vorhies, F., Forsberg, S., Ismail, R. O., & Björk, M. (2021). Coastal blue carbon stocks in Tanzania and Mozambique: support for climate adaptation and mitigation actions.",TRUE,FALSE
Hashim M._et_al_2016,"Hashim, M., et al., Above ground blue carbon sequestration capacity of Sungai Pulai estuary seagrass meadows - A satellite based method. 37th Asian Conference on Remote Sensing, ACRS 2016, 2016.",TRUE,FALSE
Hernawan U.E._et_al_2021,"Hernawan, U.E., Rahmawati, S., Ambo-Rappe, R., Sjafrie, N.D., Hadiyanto, H., Yusup, D.S., Nugraha, A.H., La Nafie, Y.A., Adi, W., Prayudha, B. and Irawan, A., 2021. The first nation-wide assessment identifies valuable blue‑carbon seagrass habitat in Indonesia is in moderate condition. Science of The Total Environment, 782, p.146818.",TRUE,FALSE
Herrera-Silveira J.A._et_al_2020,"Herrera-Silveira, J.A., et al., Blue carbon of Mexico, carbon stocks and fluxes: a systematic review. Peerj, 2020.",TRUE,FALSE
Hicks C.E._et_al_2007,"Hicks, C.E., T.Z. Osborne, and K.R. Reddy, Comparing sediment organic carbon pools in constructed and natural mangrove forests and seagrass beds. Ecological Society of America Annual Meeting Abstracts, 2007.",TRUE,FALSE
Hidayah N._et_al_2019,"Hidayah, N., et al., Carbon stock and δ 13 C data of sediment samples collected from a tropical seagrass meadow in Malaysia. Plant Science Today, 2019.",TRUE,FALSE
Holmer M._et_al_2002,"Holmer, M. and A. Bachmann Olsen, Role of decomposition of mangrove and seagrass detritus in sediment carbon and nitrogen cycling in a tropical mangrove forest. Marine Ecology Progress Series, 2002.",TRUE,FALSE
Howard J._et_al_2021,"Howard, J. L., Lopes, C. C., Wilson, S. S., McGee-Absten, V., Carrión, C. I., & Fourqurean, J. W. (2021). Decomposition Rates of Surficial and Buried Organic Matter and the Lability of Soil Carbon Stocks Across a Large Tropical Seagrass Landscape. Estuaries and Coasts, 44(3), 846-866.",TRUE,FALSE
Huang Y.H._et_al_2015,"Huang, Y.H., et al., Carbon budgets of multispecies seagrass beds at Dongsha Island in the South China Sea. Marine Environmental Research, 2015.",TRUE,FALSE
Hulopi M._et_al_2017,"Hulopi, M., J.W. Tuahatu, and N.C. Tuhumury, Seagrass potency as blue carbon source in Galala and Tanjung Tiram waters, Ambon Island, Indonesia. AACL Bioflux, 2017.",TRUE,FALSE
Husodo T._et_al_2017,"Husodo, T., et al., Seagrass diversity and carbon sequestration: Case study on Pari Island, Jakarta Bay, Indonesia. Biodiversitas, 2017.",TRUE,FALSE
Jankowska E._et_al_2016,"Jankowska, E., Michel, L. N., Zaborska, A., & Włodarska‐Kowalczuk, M. (2016). Sediment carbon sink in low‐density temperate eelgrass meadows (Baltic Sea). Journal of Geophysical Research: Biogeosciences, 121(12), 2918-2934.",TRUE,FALSE
Jiang Z._et_al_2017,"Jiang, Z., Liu,S., Zhang,J., Zhao,C., Wu, Y., Yu, S., Zhang,X., Huang,C., Huang,X., Kumar,M.,2017 Newly discovered seagrass beds and their potential for blue carbon in the coastal seas of Hainan Island, South China Sea. Marine Pollution Bulletin,125,1–2,513-521,https://doi.org/10.1016/j.marpolbul.2017.07.066.",TRUE,FALSE
Jiang Z._et_al_2019,"Jiang, Z., et al., Contrasting root length, nutrient content and carbon sequestration of seagrass growing in offshore carbonate and onshore terrigenous sediments in the South China Sea. Science of the Total Environment, 2019.",TRUE,FALSE
Jiao N._et_al_2018,"Jiao, N., et al., Carbon pools and fluxes in the China Seas and adjacent oceans. Science China Earth Sciences, 2018.",TRUE,FALSE
Johnson R.A._et_al_2017,"Johnson, R.A., et al., Blue carbon stores in tropical seagrass meadows maintained under green turtle grazing. Scientific Reports, 2017.",TRUE,FALSE
Johnson R.A._et_al_2020,"Johnson, R.A., et al., Seagrass ecosystem metabolic carbon capture in response to green turtle grazing across Caribbean meadows. Journal of Ecology, 2020.",TRUE,FALSE
Juma G._et_al_2020,"Juma, G. A., Magana, A. M., Michael, G. N., & Kairo, J. G. (2020). Variation in seagrass carbon stocks between tropical estuarine and marine mangrove-fringed creeks. Frontiers in Marine Science, 7, 696.",TRUE,FALSE
Kaal J._et_al_2019,"Kaal, J., Serrano, O., Cortizas, A. M., Baldock, J. A., & Lavery, P. S. (2019). Millennial-scale changes in the molecular composition of Posidonia australis seagrass deposits: Implications for Blue Carbon sequestration. Organic Geochemistry, 137, 103898.",TRUE,FALSE
Kaladharan P._et_al_2021,"Kaladharan, P., et al., Blue Carbon Stock of Seagrass Meadows of Chilika and Pulicat Lakes along the Eastern Coast of India. Fishery Technology, 2021.",TRUE,FALSE
Kaldy J.E._et_al_2002,"Kaldy, J.E., et al., Carbon budget for a subtropical seagrass dominated coastal lagoon: How important are seagrasses to total ecosystem net primary production? Estuaries, 2002.",TRUE,FALSE
Kaldy J.E._et_al_2006,"Kaldy, J.E., Carbon, nitrogen, phosphorus and heavy metal budgets: How large is the eelgrass (Zostera marina L.) sink in a temperate estuary? Marine Pollution Bulletin, 2006.",TRUE,FALSE
Kenig F._et_al_1990,"Kenig, F., Huc, A. Y., Purser, B. H., and Oudin, J. L. (1990). Sedimentation, distribution and diagenesis of organic-matter in a recent carbonate environment, Abu-Dhabi, UAE. Organic Geochemistry 16, 735-747.",TRUE,FALSE
Kennedy H._et_al_2010,"Kennedy, H., et al., Seagrass sediments as a global carbon sink: Isotopic constraints. Global Biogeochemical Cycles, 2010.",TRUE,FALSE
Kim T.H._et_al_2008,"Kim, T.H., et al., Growth Dynamics and Carbon Incorporation of the Seagrass, Zostera marina L. in Jindong Bay and Gamak Bay on the Southern Coast of Korea. Algae, 2008.",TRUE,FALSE
Kindeberg T._et_al_2019,"Kindeberg, T., et al., Variation of carbon contents in eelgrass (Zostera marina) sediments implied from depth profiles. Biology Letters, 2019.",TRUE,FALSE
Kirkman H._et_al_1979,"Kirkman, H. and D.D. Reid, A study of the role of the seagrass Posidonia australis in the carbon budget of an estuary. Aquatic Botany, 1979.",TRUE,FALSE
Koepfler E.T._et_al_1993,"Koepfler, E.T., R. Benner, and P.A. Montagna, Variability of dissolved organic carbon in sediments of a seagrass bed and an unvegetated area within an estuary in Southern Texas. Estuaries, 1993.",TRUE,FALSE
Kondoy K.I.F._et_al_2017,"Kondoy, K.I.F., Seagrass as carbon holder in waleo coastal waters, North Sulawesi, Indonesia. AACL Bioflux, 2017.",TRUE,FALSE
Krause J.R._et_al_2022,"Krause, J.R., Hinojosa‐Corona, A., Gray, A.B., Herguera, J.C., McDonnell, J., Schaefer, M.V., Ying, S.C. and Watson, E.B., 2022. Beyond habitat boundaries: Organic matter cycling requires a system‐wide approach for accurate blue carbon accounting. Limnology and Oceanography.",TRUE,FALSE
Lafratta A._et_al_2020,"Lafratta, A., Serrano, O., Masqué, P., Mateo, M. A., Fernandes, M., Gaylard, S., & Lavery, P. S. (2020). Challenges to select suitable habitats and demonstrate ‘additionality’in Blue Carbon projects: A seagrass case study. Ocean & Coastal Management, 197, 105295.",TRUE,FALSE
Lavery P.S._et_al_2013,"Lavery, P.S., et al., Release of dissolved organic carbon from seagrass wrack and its implications for trophic connectivity. Marine Ecology Progress Series, 2013.",TRUE,FALSE
Lavery P.S._et_al_2013,"Lavery, P.S., et al., Variability in the Carbon Storage of Seagrass Habitats and Its Implications for Global Estimates of Blue Carbon Ecosystem Service. Plos One, 2013.",TRUE,FALSE
Lee K._et_al_1996,"Lee, K. and K. Dunton, Production and carbon reserve dynamics of the seagrass Thalassia testudinum in Corpus Christi Bay, Texas, USA. Marine Ecology Progress Series, 1996.",TRUE,FALSE
Li Y._et_al_2021,"Li, Y., Fu, C., Zeng, L., Zhou, Q., Zhang, H., Tu, C., Li, L. and Luo, Y., 2021. Black Carbon Contributes Substantially to Allochthonous Carbon Storage in Deltaic Vegetated Coastal Habitats. Environmental Science & Technology, 55(9), pp.6495-6504.",TRUE,FALSE
Lima M.A.C._et_al_2020,"Lima, M.A.C., R.D. Ward, and C.B. Joyce, Environmental drivers of sediment carbon storage in temperate seagrass meadows. Hydrobiologia, 2020.",TRUE,FALSE
Liu S._et_al_2017,"Liu, S., et al., Mechanisms of sediment carbon sequestration in seagrass meadows and its responses to eutrophication. Kexue Tongbao/Chinese Science Bulletin, 2017.",TRUE,FALSE
López-Mendoza P._et_al_2020,"López-Mendoza, P. G., Ruiz-Fernández, A. C., Sanchez-Cabeza, J. A., van Tussenbroek, B. I., Cuellar-Martinez, T., & Pérez-Bernal, L. H. (2020). Temporal trends of organic carbon accumulation in seagrass meadows from the northern Mexican Caribbean. Catena, 194, 104645.",TRUE,FALSE
Lucero T.C.C._et_al_2021,"Lucero, T.C.C. and J.A. Herrera-Silveira, Seagrass contribution to blue carbon in a shallow karstic coastal area of the Gulf of Mexico. PeerJ, 2021.",TRUE,FALSE
Macreadie P._et_al_2014,"Macreadie, P., et al., Quantifying and modelling the carbon sequestration capacity of seagrass meadows–a critical assessment. Marine pollution …, 2014.",TRUE,FALSE
Macreadie P._et_al_2015,"Macreadie, P. I., Trevathan-Tackett, S. M., Skilbeck, C. G., Sanderman, J., Curlevski, N., Jacobsen, G., & Seymour, J. R. (2015). Losses and recovery of organic carbon from a seagrass ecosystem following disturbance. Proceedings of the Royal Society B: Biological Sciences, 282(1817), 20151537.",TRUE,FALSE
Macreadie P.I._et_al_2012,"Macreadie, P.I., et al., Paleoreconstruction of estuarine sediments reveal human-induced weakening of coastal carbon sinks. Global Change Biology, 2012.",TRUE,FALSE
Macreadie P.I._et_al_2017,"Macreadie, P.I., et al., Addressing calcium carbonate cycling in blue carbon accounting. Limnology and Oceanography Letters, 2017.",TRUE,FALSE
Macreadie P.I._et_al_2018,"Macreadie, P.I. and S.S.S. Hardy, Response of seagrass 'Blue Carbon' stocks to increased water temperatures. Diversity, 2018.",TRUE,FALSE
Maher D.T._et_al_2013,"Maher, D.T., et al., Novel use of cavity ring-down spectroscopy to investigate aquatic carbon cycling from microbial to ecosystem scales. Environmental Science and Technology, 2013.",TRUE,FALSE
Marbà N._et_al_2015,"Marbà, N., Arias‐Ortiz, A., Masqué, P., Kendrick, G. A., Mazarrasa, I., Bastyan, G. R., Gracia-Orellana, J. and Duarte, C. M. (2015). Impact of seagrass loss and subsequent revegetation on carbon sequestration and stocks. Journal of Ecology, 103(2), 296-302.",TRUE,FALSE
Martins M._et_al_2021,"Martins, M., et al., Carbon and Nitrogen Stocks and Burial Rates in Intertidal Vegetated Habitats of a Mesotidal Coastal Lagoon. Ecosystems, 2021.",TRUE,FALSE
Mashoreng S._et_al_2001,"Mashoreng, S., et al., Decline in seagrass carbon uptake on Bonebatang Island, Spermonde Archipelago, Indonesia during the period of 2001-2017. 3rd International Symposium on Marine and Fisheries (ISMF), 2020.",TRUE,FALSE
Mashoreng S._et_al_2021,"Mashoreng, S., et al., Changes in seagrass carbon stock: Implications of decreasing area and percentage cover of seagrass beds in Barranglompo Island, Spermonde archipelago, South Sulawesi, Indonesia. IOP Conference Series: Earth and Environmental Science, 2021.",TRUE,FALSE
Mateo M._et_al_2006,"Mateo, M., Cebrián, J., Dunton, K., & Mutchler, T. (2006). Carbon flux in seagrass ecosystems. Seagrasses: biology, ecology and conservation, 159-192.",TRUE,FALSE
Mateo M.Á._et_al_2003,"Mateo, M.Á., J.L. Sánchez-Lizaso, and J. Romero, Posidonia oceanica 'banquettes': A preliminary assessment of the relevance for meadow carbon and nutrients budget. Estuarine, Coastal and Shelf Science, 2003.",TRUE,FALSE
Mazarrasa I._et_al_2015,"Mazarrasa, I., Marbà, N., Lovelock, C.E., Serrano, O., Lavery, P.S., Fourqurean, J.W., Kennedy, H., Mateo, M.A., Krause-Jensen, D., Steven, A.D. and Duarte, C.M., 2015. Seagrass meadows as a globally significant carbonate reservoir. Biogeosciences, 12(16), pp.4993-5003.",TRUE,FALSE
Mazarrasa I._et_al_2018,"Mazarrasa, I., et al., Habitat characteristics provide insights of carbon storage in seagrass meadows. Marine pollution …, 2018.",TRUE,FALSE
Mazarrasa I._et_al_2019,"Mazarrasa, I., et al., Decreasing carbonate load of seagrass leaves with increasing latitude. Aquatic Botany, 2019.",TRUE,FALSE
Mazarrasa I._et_al_2021,"Mazarrasa, I., et al., Factors Determining Seagrass Blue Carbon Across Bioregions and Geomorphologies. Global Biogeochemical Cycles, 2021.",TRUE,FALSE
McLeod E._et_al_2011,"McLeod, E., et al., A blueprint for blue carbon: Toward an improved understanding of the role of vegetated coastal habitats in sequestering CO2. Frontiers in Ecology and the Environment, 2011.",TRUE,FALSE
Meng W._et_al_2019,"Meng, W., Feagin, R. A., Hu, B., He, M., & Li, H. (2019). The spatial distribution of blue carbon in the coastal wetlands of China. Estuarine, Coastal and Shelf Science, 222, 13-20.",TRUE,FALSE
Mercado J.M._et_al_2003,"Mercado, J.M., et al., Use of light and inorganic carbon acquisition by two morphotypes of Zostera noltii Hornem. Journal of Experimental Marine Biology and Ecology, 2003.",TRUE,FALSE
Miyajima T._et_al_2015,"Miyajima, T., Hori, M., Hamaguchi, M., Shimabukuro, H., Adachi, H., Yamano, H., & Nakaoka, M. (2015). Geographic variability in organic carbon stock and accumulation rate in sediments of East and Southeast Asian seagrass meadows. Global Biogeochemical Cycles, 29(4), 397-415.",TRUE,FALSE
Miyajima T._et_al_2021,"Miyajima, T., M. Hamaguchi, and M. Hori, Evaluation of the baseline carbon sequestration rates of Indo-Pacific temperate and tropical seagrass meadow sediments. Ecological Research, 2021.",TRUE,FALSE
Moksnes P.-O._et_al_2021,"Moksnes, P.-O., et al., Major impacts and societal costs of seagrass loss on sediment carbon and nitrogen stocks. Ecosphere, 2021.",TRUE,FALSE
Monnier B._et_al_2021,"Monnier, B., et al., Sizing the carbon sink associated with Posidonia oceanica seagrass meadows using very high-resolution seismic reflection imaging. Marine Environmental Research, 2021.",TRUE,FALSE
Monnier B._et_al_2022,"Monnier, B., Pergent, G., Mateo, M. Á., Clabaut, P., & Pergent-Martini, C. (2022). Quantification of blue carbon stocks associated with Posidonia oceanica seagrass meadows in Corsica (NW Mediterranean). Science of The Total Environment, 155864.",TRUE,FALSE
Novak A.B._et_al_2020,"Novak, A.B., Pelletier, M.C., Colarusso, P., Simpson, J., Gutierrez, M.N., Arias-Ortiz, A., Charpentier, M., Masque, P. and Vella, P., 2020. Factors influencing carbon stocks and accumulation rates in eelgrass meadows across New England, USA. Estuaries and Coasts, 43(8), pp.2076-2091.",TRUE,FALSE
Nugraha A._et_al_2019,"Nugraha, A. H., Kawaroe, M., Srimariana, E. S., Jaya, I., Apdillah, D., & Deswati, S. R. (2019, May). Carbon storage in seagrass meadow of Teluk Bakau–Bintan Island. In IOP Conference Series: Earth and Environmental Science (Vol. 278, No. 1, p. 012051). IOP Publishing.",TRUE,FALSE
O'Connor J.J._et_al_2020,"O'Connor, J.J., et al., Impacts of land management practices on blue carbon stocks and greenhouse gas fluxes in coastal ecosystems-A meta-analysis. Global Change Biology, 2020.",TRUE,FALSE
O'Mara N.A._et_al_2019,"O'Mara, N.A. and J.P. Dunne, Hot Spots of Carbon and Alkalinity Cycling in the Coastal Oceans. Scientific Reports, 2019.",TRUE,FALSE
Oreska M._et_al_2017,"Oreska, M., K. McGlathery, and J. Porter, Seagrass blue carbon spatial patterns at the meadow-scale. PloS one, 2017.",TRUE,FALSE
Oreska M._et_al_2018,"Oreska, M., G. Wilkinson, and ... Non‐seagrass carbon contributions to seagrass sediment blue carbon. Limnology and …, 2018.",TRUE,FALSE
Ouisse V._et_al_2011,"Ouisse, V., A. Migné, and D. Davoult, Community-level carbon flux variability over a tidal cycle in Zostera marina and Z. Noltii beds. Marine Ecology Progress Series, 2011.",TRUE,FALSE
Pedersen M._et_al_1997,"Pedersen, M. F., Duarte, C. M., and Cebrian, J. (1997). Rates of changes in organic matter and nutrient stocks during seagrass Cymodocea nodosa colonization and stand development. Marine Ecology-Progress Series 159, 29-36. doi:10.3354/meps159029",TRUE,FALSE
Pendleton L._et_al_2012,"Pendleton, L., et al., Estimating Global ""Blue Carbon"" Emissions from Conversion and Degradation of Vegetated Coastal Ecosystems. PLoS ONE, 2012.",TRUE,FALSE
Pérez M._et_al_2001,"Pérez, M., et al., Variability in detritus stocks in beds of the seagrass Cymodocea nodosa. Botanica Marina, 2001.",TRUE,FALSE
Pergent G._et_al_2015,"Pergent, G., et al., Assessment of carbon sequestration in Posidonia meadow. 12th International Conference on the Mediterranean Coastal Environment, MEDCOAST 2015, 2015.",TRUE,FALSE
Perry C._et_al_2005,"Perry, C. T., and Beavington-Penney, S. J. (2005). Epiphytic calcium carbonate production and facies development within sub-tropical seagrass beds, Inhaca Island, Mozambique. Sedimentary Geology, 174(3), 161-176.",TRUE,FALSE
Phang V._et_al_2015,"Phang, V. X., Chou, L. M., & Friess, D. A. (2015). Ecosystem carbon stocks across a tropical intertidal habitat mosaic of mangrove forest, seagrass meadow, mudflat and sandbar. Earth Surface Processes and Landforms, 40(10), 1387-1400.",TRUE,FALSE
Potouroglou M._et_al_2021,"Potouroglou, M., et al., The sediment carbon stocks of intertidal seagrass meadows in Scotland. Estuarine, Coastal and Shelf Science, 2021.",TRUE,FALSE
Prentice C._et_al_2019,"Prentice, C., Poppe, K. L., Lutz, M., Murray, E., Stephens, T. A., Spooner, A., & Short, F. T. (2019). A synthesis of blue carbon stocks, sources and accumulation rates in eelgrass (Zostera marina) meadows in the Northeast Pacific. Global Biogeochemical Cycles.",TRUE,FALSE
Prentice C._et_al_2019,"Prentice, C., et al., Reduced water motion enhances organic carbon stocks in temperate eelgrass meadows. Limnology and Oceanography, 2019.",TRUE,FALSE
Qin L._et_al_2021,"Qin, L. Z., Suonan, Z., Kim, S. H., & Lee, K. S. (2021). Coastal Sediment Nutrient Enrichment Alters Seagrass Blue Carbon Sink Capacity. Environmental Science & Technology, 55(22), 15466-15475.",TRUE,FALSE
Qiu G.L._et_al_2014,"Qiu, G.L., et al., Seagrass ecosystems: Contributions to and mechanisms of carbon sequestration. Chinese Journal of Applied Ecology, 2014.",TRUE,FALSE
Rabaoui L._et_al_2020,"Rabaoui, L., et al., Anthropogenic-induced acceleration of elemental burial rates in blue carbon repositories of the Arabian Gulf. Science of the Total Environment, 2020.",TRUE,FALSE
Rahayu Y._et_al_2019,"Rahayu, Y. P., Solihuddin, T., Kusumaningtyas, M. A., Afi Ati, R. N., Salim, H. L., Rixen, T., & Hutahaean, A. A. (2019). The sources of organic matter in seagrass sediments and their contribution to carbon stocks in the Spermonde Islands, Indonesia. Aquatic Geochemistry, 25(3), 161-178.",TRUE,FALSE
Rahman F.A._et_al_2018,"Rahman, F.A., I. Qayim, and Y. Wardiatno, Carbon storage variability in seagrass meadows of Marine Poton Bako, East Lombok, West Nusa Tenggara, Indonesia. Biodiversitas, 2018.",TRUE,FALSE
Rahmawati S._et_al_2019,"Rahmawati, S., U.E. Hernawan, and A. Rustam, The seagrass carbon content of 0.336 of dry weight can be applied in Indonesian seagrasses. AIP Conference Proceedings, 2019.",TRUE,FALSE
Ralph P.J._et_al_2018,"Ralph, P.J., et al., Estimating seagrass blue carbon and policy implications: The Australian perspective. Seagrasses of Australia: Structure, Ecology and Conservation, 2018.",TRUE,FALSE
Rasheed M.A._et_al_2008,"Rasheed, M.A., et al., Productivity, carbon assimilation and intra-annual change in tropical reef platform seagrass communities of the Torres Strait, north-eastern Australia. Continental Shelf Research, 2008.",TRUE,FALSE
Reithmaier G.M.S._et_al_2021,"Reithmaier, G.M.S., et al., Alkalinity Production Coupled to Pyrite Formation Represents an Unaccounted Blue Carbon Sink. Global Biogeochemical Cycles, 2021.",TRUE,FALSE
Ricart A._et_al_2015,"Ricart, A., et al., Variability of sedimentary organic carbon in patchy seagrass landscapes. Marine Pollution …, 2015.",TRUE,FALSE
Ricart A._et_al_2017,"Ricart, A., M. Pérez, and J. Romero, Landscape configuration modulates carbon storage in seagrass sediments. Estuarine, Coastal and Shelf Science, 2017.",TRUE,FALSE
Ricart A._et_al_2020,"Ricart, A., et al., High variability of Blue Carbon storage in seagrass meadows at the estuary scale. Scientific reports, 2020.",TRUE,FALSE
RoÈhr ME_et_al_2016,"RoÈhr ME, BostroÈm C, Canal-VergeÂs P, Holmer M. Blue carbon stocks in Baltic Sea eelgrass (Zostera marina) meadows. Biogeosciences. 2016; 13(22): 6139±53.",TRUE,FALSE
Röhr M.E._et_al_2018,"Röhr, M.E., Holmer, M., Baum, J.K., Björk, M., Boyer, K., Chin, D., Chalifour, L., Cimon, S., Cusson, M., Dahl, M. and Deyanova, D., 2018. Blue carbon storage capacity of temperate eelgrass (Zostera marina) meadows. Global Biogeochemical Cycles, 32(10), pp.1457-1475.",TRUE,FALSE
Rosentreter J.A._et_al_2021,"Rosentreter, J.A., et al., Methane and Nitrous Oxide Emissions Complicate Coastal Blue Carbon Assessments. Global Biogeochemical Cycles, 2021.",TRUE,FALSE
Rozaimi M._et_al_2016,"Rozaimi, M., Lavery, P. S., Serrano, O., & Kyrwood, D. (2016). Long-term carbon storage and its recent loss in an estuarine Posidonia australis meadow (Albany, Western Australia). Estuarine, Coastal and Shelf Science, 171, 58-65.",TRUE,FALSE
Rozaimi M._et_al_2017,"Rozaimi, M., Fairoz, M., Hakimi, T. M., Hamdan, N. H., Omar, R., Ali, M. M., & Tahirin, S. A. (2017). Carbon stores from a tropical seagrass meadow in the midst of anthropogenic disturbance. Marine pollution bulletin, 119(2), 253-260.",TRUE,FALSE
Ruiz-Fernández A._et_al_2020,"Ruiz-Fernández, A. C., Sanchez-Cabeza, J. A., Cuéllar-Martínez, T., Pérez-Bernal, L. H., Carnero-Bravo, V., Ávila, E., & Cardoso-Mohedano, J. G. (2020). Increasing salinization and organic carbon burial rates in seagrass meadows from an anthropogenically-modified coastal lagoon in southern Gulf of Mexico. Estuarine, Coastal and Shelf Science, 242, 106843.",TRUE,FALSE
Rustam A._et_al_2021,"Rustam, A., et al., The role of seagrass ecosystem in small islands as a blue carbon in climate change mitigation in Indonesia (case study: Lembeh Island, Bitung Regency). IOP Conference Series: Earth and Environmental Science, 2021.",TRUE,FALSE
Saderne V._et_al_2019,"Saderne, V., et al., Role of carbonate burial in Blue Carbon budgets. Nature Communications, 2019.",TRUE,FALSE
Samper‐Villarreal J._et_al_2016,"Samper‐Villarreal, J., Lovelock, C. E., Saunders, M. I., Roelfsema, C., & Mumby, P. J. (2016). Organic carbon in seagrass sediments is influenced by seagrass canopy complexity, turbidity, wave height, and water depth. Limnology and Oceanography, 61(3), 938-952.",TRUE,FALSE
Sani D.A._et_al_2019,"Sani, D.A. and M. Hashim, Multi-sensor mapping and estimation of seagrass aboveground blue carbon stocks using Landsat OLI and ETM+ along merambong coastal water. 40th Asian Conference on Remote Sensing, ACRS 2019: Progress of Remote Sensing Technology for Smart Future, 2020.",TRUE,FALSE
Santos I.R._et_al_2021,"Santos, I.R., et al., The renaissance of Odum's outwelling hypothesis in 'Blue Carbon' science. Estuarine, Coastal and Shelf Science, 2021.",TRUE,FALSE
Santos R._et_al_2004,"Santos, R., et al., Ecosystem metabolism and carbon fluxes of a tidally-dominated coastal lagoon. Estuaries, 2004.",TRUE,FALSE
Schile L.M._et_al_2017,"Schile, L.M., et al., Limits on carbon sequestration in arid blue carbon ecosystems. Ecological Applications, 2017.",TRUE,FALSE
Serrano O._et_al_2012,"Serrano, O., Mateo, M. A., Renom, P., and Julià, R. (2012). Characterization of soils beneath a Posidonia oceanica meadow. Geoderma, 185, 26-36.",TRUE,FALSE
Serrano O._et_al_2014,"Serrano, O., et al., Influence of water depth on the carbon sequestration capacity of seagrasses. Global Biogeochemical Cycles, 2014.",TRUE,FALSE
Serrano O._et_al_2016,"Serrano, O., et al., Can mud (silt and clay) concentration be used to predict soil organic carbon content within seagrass ecosystems? …, 2016.",TRUE,FALSE
Serrano O._et_al_2016,"Serrano, O., Lavery, P. S., Lopez-Merino, L., Ballesteros, E., & Mateo, M. A. (2016). Location and associated carbon storage of erosional escarpments of seagrass Posidonia mats. Frontiers in Marine Science, 3, 42.",TRUE,FALSE
Serrano O._et_al_2018,"Serrano, O., Almahasheer, H., Duarte, C. M., & Irigoien, X. (2018). Carbon stocks and accumulation rates in Red Sea seagrass meadows. Scientific reports, 8(1), 1-13.",TRUE,FALSE
Serrano O._et_al_2018,"Serrano, O., et al., Conservation of blue carbon ecosystems for climate change mitigation and adaptation. Coastal Wetlands: An Integrated Ecosystem Approach, 2018.",TRUE,FALSE
Serrano O._et_al_2021,"Serrano, O., et al., Seagrass blue carbon stocks and sequestration rates in the Colombian Caribbean. Scientific Reports, 2021.",TRUE,FALSE
Siikamaeki J._et_al_2013,"Siikamaeki, J., et al., BLUE CARBON Coastal Ecosystems, Their Carbon Storage, and Potential for Reducing Emissions. Environment, 2013.",TRUE,FALSE
Singh S._et_al_2022,"Singh, S., Lal, M. M., Southgate, P. C., Wairiu, M., & Singh, A. (2022). Blue carbon storage in Fijian seagrass meadows: First insights into carbon, nitrogen and phosphorus content from a tropical southwest Pacific Island. Marine Pollution Bulletin, 176, 113432.",TRUE,FALSE
Soissons L.M._et_al_2018,"Soissons, L.M., et al., Latitudinal Patterns in European Seagrass Carbon Reserves: Influence of Seasonal Fluctuations versus Short-Term Stress and Disturbance Events. Frontiers in Plant Science, 2018.",TRUE,FALSE
Sondak C.F.A._et_al_2015,"Sondak, C.F.A. and I.K. Chung, Potential blue carbon from coastal ecosystems in the Republic of Korea. Ocean Science Journal, 2015.",TRUE,FALSE
Sousa A.I._et_al_2019,"Sousa, A.I., et al., Blue Carbon stock in Zostera noltei meadows at Ria de Aveiro coastal lagoon (Portugal) over a decade. Scientific Reports, 2019.",TRUE,FALSE
Stankovic M._et_al_2021,"Stankovic, M., et al., Quantification of blue carbon in seagrass ecosystems of Southeast Asia and their potential for climate change mitigation. Science of the Total Environment, 2021.",TRUE,FALSE
Stankovic M._et_al_2021,"Stankovic, M., Hayashizaki, K. I., Tuntiprapas, P., Rattanachot, E., & Prathep, A. (2021). Two decades of seagrass area change: Organic carbon sources and stock. Marine Pollution Bulletin, 163, 111913.",TRUE,FALSE
Su J._et_al_2021,"Su, J., et al., Supply-controlled calcium carbonate dissolution decouples the seasonal dissolved oxygen and pH minima in Chesapeake Bay. Limnology and Oceanography, 2021.",TRUE,FALSE
Su Z._et_al_2020,"Su, Z., et al., Changes in carbon storage and macrobenthic communities in a mangrove-seagrass ecosystem after the invasion of smooth cordgrass in southern China. Marine Pollution Bulletin, 2020.",TRUE,FALSE
Su Z._et_al_2020,"Su, Z., Qiu, G., Fan, H., & Fang, C. (2020). Seagrass beds store less carbon but support more macrobenthos than mangrove forests. Marine Environmental Research, 162, 105162.",TRUE,FALSE
Suzuki Y._et_al_2003,"Suzuki, Y., et al., CO2 sequestration and fate of organic matters within seagrass (Zostera marina) ecosystem. Journal of Chemical Engineering of Japan, 2003.",TRUE,FALSE
Tamis J._et_al_2016,"Tamis, J. E., & Foekema, E. M. (2016). Blue carbon in the Dutch Caribbean: Memo. IMARES Wageningen UR. Paper attached",TRUE,FALSE
Tamondong A._et_al_2018,"Tamondong, A., et al., Remote sensing-based estimation of seagrass percent cover and LAI for above ground carbon sequestration mapping. Proceedings of SPIE - The International Society for Optical Engineering, 2018.",TRUE,FALSE
Thorhaug A._et_al_2017,"Thorhaug, A., et al., Seagrass blue carbon dynamics in the Gulf of Mexico: Stocks, losses from anthropogenic disturbance, and gains through seagrass restoration. Science of the total …, 2017.",TRUE,FALSE
Thorhaug A._et_al_2020,"Thorhaug, A., et al., Coastal and estuarine blue carbon stocks in the greater Southeast Asia region: Seagrasses and mangroves per nation and sum of total. Marine Pollution Bulletin, 2020.",TRUE,FALSE
Trevathan-Tackett S._et_al_2017,"Trevathan-Tackett, S., P. Macreadie, and ... A global assessment of the chemical recalcitrance of seagrass tissues: implications for long-term carbon sequestration. Frontiers in plant …, 2017.",TRUE,FALSE
Tupan C.I._et_al_2020,"Tupan, C.I. and M. Wawo, Carbon stock of the seagrass Enhalus acoroides and Thalassia hemprichii in Tanjung Tiram coastal waters, Poka, Ambon Island. IOP Conference Series: Earth and Environmental Science, 2020.",TRUE,FALSE
Uede T._et_al_2007,"Uede, T., Annual net production and annual carbon, nitrogen and phosphorus accumulations of Zostera japonica at intertidal zone in Uchinoura, Tanabe Bay, Wakayama Prefecture, Japan. Nippon Suisan Gakkaishi, 2007.",TRUE,FALSE
Velimirov B._et_al_2016,"Velimirov, B., et al., Estimating carbon fluxes in a Posidonia oceanica system: Paradox of the bacterial carbon demand. Estuarine, Coastal and Shelf Science, 2016.",TRUE,FALSE
Wahyudi A.a.J._et_al_2017,"Wahyudi, A.a.J., et al., Carbon sequestration index as a determinant for climate change mitigation: Case study of Bintan Island. 1st Global Colloquium on GeoSciences and Engineering (GCGE), 2017.",TRUE,FALSE
Wahyudi A.a.J._et_al_2021,"Wahyudi, A.a.J., et al., The decomposition rate of the organic carbon content of suspended particulate matter in the tropical seagrass meadows. Acta Oceanologica Sinica, 2021.",TRUE,FALSE
Wahyudi A.J._et_al_2016,"Wahyudi, A.J., et al., Vertical carbon flux of marine snow in Enhalus acoroides-dominated seagrass meadows. Regional Studies in Marine Science, 2016.",TRUE,FALSE
Ward M.A._et_al_2021,"Ward, M.A., et al., Blue carbon stocks and exchanges along the California coast. Biogeosciences, 2021.",TRUE,FALSE
Watanabe K._et_al_2015,"Watanabe, K. and T. Kuwae, Radiocarbon isotopic evidence for assimilation of atmospheric CO2 by the seagrass Zostera marina. Biogeosciences, 2015.",TRUE,FALSE
Watanabe K._et_al_2021,"Watanabe, K. and T. Kuwae, An unintended ecological benefit from human intervention: The enhancement of carbon storage in seagrass meadows. Journal of Applied Ecology, 2021.",TRUE,FALSE
Watiniasih N.L._et_al_2021,"Watiniasih, N.L., et al., Carbon Storage on Different Species of Seagrass on Tourist Destination Areas: A Measure of Disturbed and Undisturbed Environments. International Journal on Advanced Science, Engineering and Information Technology, 2021.",TRUE,FALSE
Wawo M._et_al_2014,"Wawo, M., et al., Carbon stored on seagrass community in marine nature tourism park of kotania bay, Western Seram, Indonesia. Jurnal Manajemen Hutan Tropika, 2014.",TRUE,FALSE
Wesselmann M._et_al_2021,"Wesselmann, M., et al., Seagrass (Halophila stipulacea) invasion enhances carbon sequestration in the Mediterranean Sea. Global Change Biology, 2021.",TRUE,FALSE
Wicaksono P._et_al_2019,"Wicaksono, P., et al., Carbon stock estimation of seagrass species thalassia hempricii using planet imagery with band ratio transformation in nirwana beach, padang city. IOP Conference Series: Earth and Environmental Science, 2019.",TRUE,FALSE
Wu J._et_al_2020,"Wu, J., Zhang, H., Pan, Y., Krause-Jensen, D., He, Z., Fan, W., ... & Duarte, C. M. (2020). Opportunities for blue carbon strategies in China. Ocean & Coastal Management, 194, 105241.",TRUE,FALSE
Yang D.-t._et_al_2013,"Yang, D.-t., S.-m. Liu, and X.-j. Shan, Progress in detecting seagrass carbon flux over optically shallow water using satellite remote sensing. Journal of Tropical Oceanography, 2013.",TRUE,FALSE
Yates K.K._et_al_2006,"Yates, K.K. and R.B. Halley, Diurnal variation in rates of calcification and carbonate sediment dissolution in Florida Bay. Estuaries and Coasts, 2006.",TRUE,FALSE
York P.H._et_al_2018,"York, P.H., P.I. Macreadie, and M.A. Rasheed, Erratum: Blue Carbon stocks of Great Barrier Reef deep-water seagrasses (Biology Letters (2018) 12 (20180529) DOI: 10.1098/rsbl.2018.0529). Biology Letters, 2020.",TRUE,FALSE
Yue S._et_al_2021,"Yue, S., Zhang, X., Xu, S., Liu, M., Qiao, Y., Zhang, Y., Liang, J., Wang, A. and Zhou, Y., 2021. The super typhoon Lekima (2019) resulted in massive losses in large seagrass (Zostera japonica) meadows, soil organic carbon and nitrogen pools in the intertidal Yellow River Delta, China. Science of The Total Environment, 793, p.148398.",TRUE,FALSE
Zhijian Jiang_et_al_2017,"Zhijian Jiang, Songlin Liu, Jingping Zhang, Chunyu Zhao, Yunchao Wu, Shuo Yu, Xia Zhang, Chi Huang, Xiaoping Huang, Manoj Kumar, 2017 Newly discovered seagrass beds and their potential for blue carbon in the coastal seas of Hainan Island, South China Sea, Marine Pollution Bulletin, 125, (1–2), 513-521",TRUE,FALSE
Ziegler S._et_al_1999,"Ziegler, S., & Benner, R. (1999). Dissolved organic carbon cycling in a subtropical seagrass-dominated lagoon. Marine Ecology Progress Series, 180, 149-160.",TRUE,FALSE
Zimmerman R.C._et_al_1996,"Zimmerman, R.C., D.G. Kohrs, and R.S. Alberte, Top-Down impact through a bottom-Up mechanism: The effect of limpet grazing on growth, productivity and carbon allocation of Zostera marina L. (eelgrass). Oecologia, 1996.",TRUE,FALSE
Zou Y.F._et_al_2021,"Zou, Y.F., K.Y. Chen, and H.J. Lin, Significance of belowground production to the long-term carbon sequestration of intertidal seagrass beds. Science of the Total Environment, 2021.",TRUE,FALSE
Apostolaki E._et_al_2009,"Apostolaki, E. T., Marbà, N., Holmer, M., & Karakassis, I. (2009). Fish farming enhances biomass and nutrient loss in Posidonia oceanica (L.) Delile. Estuarine, Coastal and Shelf Science, 81(3), 390-400.",FALSE,TRUE
Bourgues S._et_al_1996,"Bourgues, S., et al., Differential anaerobic decomposition of seagrass (Zostera noltii) and macroalgal (Monostroma obscurum) biomass from Arcachon Bay (France). Hydrobiologia, 1996.",FALSE,TRUE
Brouns J._et_al_1985,"Brouns, J., A comparison of the annual production and biomass in three monospecific stands of the seagrass Thalassia hemprichii (Ehrenb.) aschers. Aquatic Botany, 1985.",FALSE,TRUE
Brouns J._et_al_1986,"Brouns, J. and F. Heijs, Production and biomass of the seagrass Enhalus acoroides (Lf) Royle and its epiphytes. Aquatic Botany, 1986.",FALSE,TRUE
Cabello-Pasini A._et_al_2003,"Cabello-Pasini, A., R. Muniz-Salazar, and D.H. Ward, Annual variations of biomass and photosynthesis in Zostera marina at its southern end of distribution in the North Pacific. Aquatic Botany, 2003.",FALSE,TRUE
Collier C.J._et_al_2021,"Collier, C.J., et al., What lies beneath: Predicting seagrass below-ground biomass from above-ground biomass, environmental conditions and seagrass community composition. Ecological Indicators, 2021.",FALSE,TRUE
Duarte C._et_al_1989,"Duarte, C., Temporal biomass variability and production/biomass relationships of seagrass communities. Marine ecology progress series. Oldendorf, 1989.",FALSE,TRUE
Duarte C._et_al_1990,"Duarte, C. and K. Sand-Jensen, Seagrass colonization: biomass development and shoot demography in Cymodocea nodosa patches. Marine ecology progress series. Oldendorf, 1990.",FALSE,TRUE
Duarte C._et_al_1998,"Duarte, C., et al., Root production and belowground seagrass biomass. Marine Ecology …, 1998.",FALSE,TRUE
Duarte C._et_al_1999,"Duarte, C. and C. Chiscano, Seagrass biomass and production: a reassessment. Aquatic botany, 1999.",FALSE,TRUE
Erftemeijer P._et_al_1994,"Erftemeijer, P. and P. Herman, Seasonal changes in environmental variables, biomass, production and nutrient contents in two contrasting tropical intertidal seagrass beds in South Sulawesi …. Oecologia, 1994.",FALSE,TRUE
Govindasamy C._et_al_2011,"Govindasamy, C. and M. Arulpriya, Seasonal variation in seagrass biomass in Northern Palk Bay, India. Biodiversity, 2011.",FALSE,TRUE
Ha N.T._et_al_2021,"Ha, N.T., et al., The use of radar and optical satellite imagery combined with advanced machine learning and metaheuristic optimization techniques to detect and quantify above ground biomass of intertidal seagrass in a New Zealand estuary. International Journal of Remote Sensing, 2021.",FALSE,TRUE
Hillman K._et_al_1995,"Hillman, K., A. McComb, and D. Walker, The distribution, biomass and primary production of the seagrass Halophila ovalis in the Swan/Canning Estuary, Western Australia. Aquatic Botany, 1995.",FALSE,TRUE
Kaldy J.E._et_al_2000,"Kaldy, J.E. and K.H. Dunton, Above- and below-ground production, biomass and reproductive ecology of Thalassia testudinum (turtle grass) in a subtropical coastal lagoon. Marine Ecology Progress Series, 2000.",FALSE,TRUE
Koedsin W._et_al_2016,"Koedsin, W., et al., An integrated field and remote sensing method for mapping seagrass species, cover, and biomass in southern Thailand. Remote Sensing, 2016.",FALSE,TRUE
Long M.H._et_al_2015,"Long, M.H., P. Berg, and J.L. Falter, Seagrass metabolism across a productivity gradient using the eddy covariance, Eulerian control volume, and biomass addition techniques. Journal of Geophysical Research: Oceans, 2015.",FALSE,TRUE
López-Calderón J._et_al_2013,"López-Calderón, J. M., Guzmán, H. M., Jácome, G. E., & Barnes, P. A. (2013). Decadal increase in seagrass biomass and temperature at the CARICOMP site in Bocas del Toro, Panama. Revista de Biología Tropical, 61(4), 1815-1826.",FALSE,TRUE
Murcia S._et_al_2015,"Murcia, S., et al., Phenology, biomass and productivity of sub-Antarctic Ruppia filifolia. Polar Biology, 2015.",FALSE,TRUE
Mvungi E.F._et_al_2012,"Mvungi, E.F. and F.A. Mamboya, Photosynthetic performance, epiphyte biomass and nutrient content of two seagrass species in two areas with different level of nutrients along the Dar es Salaam coast. African Journal of Marine Science, 2012.",FALSE,TRUE
Nakaoka M._et_al_2000,"Nakaoka, M., & Supanwanid, C. (2000). Quantitative estimation of the distribution and biomass of seagrasses at Haad Chao Mai National Park, Trang Province, Thailand. Journal of Fisheries and Environment, 22, 10-22.",FALSE,TRUE
Ouisse V._et_al_2010,"Ouisse, V., A. Migné, and D. Davoult, Seasonal variations of community production, respiration and biomass of different primary producers in an intertidal Zostera noltii bed (Western English Channel, France). Hydrobiologia, 2010.",FALSE,TRUE
Penhale P._et_al_1977,"Penhale, P. A. (1977). Macrophyte-epiphyte biomass and productivity in an eelgrass (Zostera marina L.) community. Journal of Experimental Marine Biology and Ecology, 26(2), 211-224.",FALSE,TRUE
Poovachiranon S._et_al_1994,"Poovachiranon, S., & Chansang, H. (1994). Community structure and biomass of seagrass beds in the Andaman Sea. I. Mangrove-associated seagrass beds. Phuket Marine Biological Center Research Bulletin, 59, 53-64.",FALSE,TRUE
Prarikeslan W._et_al_2019,"Prarikeslan, W., et al., Density, coverage and biomass of seagrass ecosystem in the Lobam Island, Bintan Regency - Indonesia. IOP Conference Series: Earth and Environmental Science, 2019.",FALSE,TRUE
Sfriso A._et_al_1998,"Sfriso, A. and P. Francesco Ghetti, Seasonal variation in biomass, morphometric parameters and production of seagrasses in the lagoon of Venice. Aquatic Botany, 1998.",FALSE,TRUE
Terrados J._et_al_1998,"Terrados, J., et al., Changes in community structure and biomass of seagrass communities along gradients of siltation in SE Asia. Estuarine, Coastal and …, 1998.",FALSE,TRUE
Tilaar F._et_al_2020,"Tilaar, F., et al., Ecology, diversity and biomass of seagrass species in Manado Tua Island, North Sulawesi, Indonesia. AACL Bioflux, 2020.",FALSE,TRUE
Van Lent_et_al_1991,"Van Lent, F., P.H. Nienhuis, and J.M. Verschuure, Production and biomass of the seagrasses Zostera noltii Hornem. and Cymodecea nodosa (Ucria) Aschers. at the Banc d'Arguin (Mauritania, NW Africa): a preliminary approach. Aquatic Botany, 1991.",FALSE,TRUE
Wium-Andersen S._et_al_1984,"Wium-Andersen, S., & Borum, J. (1984). Biomass variation and autotrophic production of an epiphyte-macrophyte community in a coastal Danish area: I. Eelgrass (Zostera marina L.) biomass and net production. Ophelia, 23(1), 33-46.",FALSE,TRUE
Xu Z.Z._et_al_2007,"Xu, Z.Z., et al., Review of seagrass biomass and primary production research. Shengtai Xuebao/ Acta Ecologica Sinica, 2007.",FALSE,TRUE
Abed-Navandi D_et_al_2005,"Abed-Navandi D and Dworschak P.C. 2005 Food sources of a tropical thalassinidean shrimps: a stable isotope study. Mar. Ecol. Prog. Ser. 291, 159-168",FALSE,FALSE
Adams J._et_al_2016,"Adams, J. B. (2016). Distribution and status of Zostera capensis in South African estuaries—a review. South African Journal of Botany, 107, 63-73.",FALSE,FALSE
Alexandre A._et_al_2012,"Alexandre, A., Silva, J., Buapet, P., Björk, M., & Santos, R. (2012). Effects of CO 2 enrichment on photosynthesis, growth, and nitrogen metabolism of the seagrass Z ostera noltii. Ecology and Evolution, 2(10), 2625-2635, Bahlmann, E., Weinberg, I., Lavrič, J. V., Eckhardt, T., Michaelis, W., Santos, R., & Seifert, R. (2015). Tidal controls on trace gas dynamics in a seagrass meadow of the Ria Formosa lagoon (southern Portugal). Biogeosciences, 12(6), 1683-1696.",FALSE,FALSE
Anton A._et_al_2009,"Anton, A., Cebrian, J., Duarte, C. M., Heck Jr, K. L., & Goff, J. (2009). Low impact of Hurricane Katrina on seagrass community structure and functioning in the northern Gulf of Mexico. Bulletin of Marine Science, 85(1), 45-59.",FALSE,FALSE
Apostolaki E._et_al_2010,"Apostolaki, E. T., Holmer, M., Marbà, N., & Karakassis, I. (2010). Degrading seagrass (Posidonia oceanica) ecosystems: a source of dissolved matter in the Mediterranean. Hydrobiologia, 649(1), 13-23.",FALSE,FALSE
Apostolaki E._et_al_2014,"Apostolaki, E. T., Vizzini, S., Hendriks, I. E., & Olsen, Y. S. (2014). Seagrass ecosystem response to long-term high CO2 in a Mediterranean volcanic vent. Marine environmental research, 99, 9-15.",FALSE,FALSE
Asmus H._et_al_2000,"Asmus, H., & Asmus, R. (2000). Material exchange and food web of seagrass beds in the Sylt-Rømø Bight: how significant are community changes at the ecosystem level?. Helgoland Marine Research, 54(2), 137-150.",FALSE,FALSE
Baden S._et_al_2003,"Baden, S., Gullström, M., Lundén, B., Pihl, L., & Rosenberg, R. (2003). Vanishing seagrass (Zostera marina, L.) in Swedish coastal waters. AMBIO: a Journal of the Human Environment, 32(5), 374-377.",FALSE,FALSE
Bahlmann E._et_al_2015,"Bahlmann, E., Weinberg, I., Lavrič, J. V., Eckhardt, T., Michaelis, W., Santos, R., & Seifert, R. (2015). Tidal controls on trace gas dynamics in a seagrass meadow of the Ria Formosa lagoon (southern Portugal). Biogeosciences, 12(6), 1683-1696.",FALSE,FALSE
Barrón C._et_al_2009,"Barrón, C. and C.M. Duarte, Dissolved organic matter release in a Posidonia oceanica meadow. Marine Ecology Progress Series, 2009.",FALSE,FALSE
Barrón C._et_al_2009,"Barrón, C., & Duarte, C. M. (2009). Dissolved organic matter release in a Posidonia oceanica meadow. Marine Ecology Progress Series, 374, 75-84.",FALSE,FALSE
Bermejo M.G._et_al_2011,"Bermejo, M.G. and R.G. de Zayas, PRIMARY PRODUCTIVITY IN LAGUNA LARGA, CAYO COCO, CUBA. Revmar-Revista Ciencias Marinas Y Costeras, 2011.",FALSE,FALSE
Blackburn T._et_al_1994,"Blackburn, T. H., Nedwell, D. B., & Wiebe, W. J. (1994). Active mineral cycling in a Jamaican seagrass sediment. Marine Ecology Progress Series, 233-239.",FALSE,FALSE
Boudouresque C.F._et_al_2016,"Boudouresque, C.F., et al., The necromass of the Posidonia oceanica seagrass meadow: fate, role, ecosystem services and vulnerability. Hydrobiologia, 2016.",FALSE,FALSE
Boutahar L._et_al_2020,"Boutahar, L., Espinosa, F., Richir, J., Lepoint, G., Gobert, S., Maanan, M., & Bazairi, H. (2020). Deep-water Zostera marina meadows in the Mediterranean. Aquatic Botany, 166, 103269.",FALSE,FALSE
Cacabelos E._et_al_2008,"Cacabelos, E., Moreira, J., and Troncoso, J. S. (2008). Distribution of Polychaeta in soft-bottoms of a Galician Ria (NW Spain). Scientia Marina, 72(4), 655-667.",FALSE,FALSE
Caffrey J._et_al_2004,"Caffrey, J. M. (2004). Factors controlling net ecosystem metabolism in US estuaries. Estuaries, 27(1), 90-101.",FALSE,FALSE
Caffrey J.M._et_al_2004,"Caffrey, J.M., Factors controlling net ecosystem metabolism in US estuaries. Estuaries, 2004.",FALSE,FALSE
Calleja M._et_al_2006,"Calleja, M. L., Barrón, C., Hale, J. A., Frazer, T. K., & Duarte, C. M. (2006). Light regulation of benthic sulfate reduction rates mediated by seagrass (Thalassia testudinum) metabolism. Estuaries and Coasts, 29(6), 1255-1264.",FALSE,FALSE
Calvo S._et_al_2021,"Calvo, S., et al., Performance Assessment of Posidonia oceanica (L.) Delile Restoration Experiment on Dead matte Twelve Years after Planting-Structural and Functional Meadow Features. Water, 2021.",FALSE,FALSE
Champenois W._et_al_2014,"Champenois, W., & Borges, A. (2014). Seasonal and inter-annual variations of community metabolism rates of a Posidonia oceanica seagrass meadow based on continuous oxygen measurements with optodes.",FALSE,FALSE
Champenois W._et_al_2019,"Champenois, W. and A.V. Borges, Inter-annual variations over a decade of primary production of the seagrass Posidonia oceanica. Limnology and Oceanography, 2019.",FALSE,FALSE
Champenois W._et_al_2021,"Champenois, W. and A.V. Borges, Net community metabolism of a Posidonia oceanica meadow. Limnology and Oceanography, 2021.",FALSE,FALSE
Choi S._et_al_2016,"Choi, S. K., Kim, S., Lee, K. S., Li, W. T., & Park, S. R. (2016). The ecological importance of the dwarf seagrass Zostera japonica in intertidal areas on the southern coast of Korea. Ocean Science Journal, 51(1), 1-12.",FALSE,FALSE
Clavier J._et_al_2014,"Clavier, J., Chauvaud, L., Amice, E., Lazure, P., Van Der Geest, M., Labrosse, P., Diagne, A., Carlier, A. and Chauvaud, S., 2014. Benthic metabolism in shallow coastal ecosystems of the Banc d’Arguin, Mauritania. Marine Ecology Progress Series, 501, pp.11-23.",FALSE,FALSE
Clough B.F._et_al_1980,"Clough, B.F. and P.M. Attiwill, Primary productivity of Zostera muelleri Irmisch ex Aschers. In Westernport Bay (Victoria, Australia). Aquatic Botany, 1980.",FALSE,FALSE
Cole L.W._et_al_2012,"Cole, L.W. and K.J. McGlathery, Nitrogen fixation in restored eelgrass meadows. Marine Ecology Progress Series, 2012.",FALSE,FALSE
Corrigendum to:_et_al_2020,"Corrigendum to: A synthesis of methane emissions from shallow vegetated coastal ecosystems (Global Change Biology, (2020), 26, 5, (2988-3005), 10.1111/gcb.15046). Global Change Biology, 2020.",FALSE,FALSE
Costa V._et_al_2019,"Costa, V., et al., Decomposition rate and invertebrate colonization of seagrass detritus along a hydrodynamic gradient in a Mediterranean coastal basin: The Stagnone di Marsala (Italy) case study. Marine Ecology, 2019.",FALSE,FALSE
Deiongh H.H._et_al_1995,"Deiongh, H.H., B.J. Wenno, and E. Meelis, SEAGRASS DISTRIBUTION AND SEASONAL BIOMASS CHANGES IN RELATION TO DUGONG GRAZING IN THE MOLUCCAS, EAST INDONESIA. Aquatic Botany, 1995.",FALSE,FALSE
Dennison W.C._et_al_1986,"Dennison, W.C. and R.S. Alberte, Photoadaptation and growth of Zostera marina L. (eelgrass) transplants along a depth gradient. Journal of Experimental Marine Biology and Ecology, 1986.",FALSE,FALSE
Dierssen H.M._et_al_2010,"Dierssen, H.M., et al., Benthic ecology from space: Optics and net primary production in seagrass and benthic algae across the Great Bahama Bank. Marine Ecology Progress Series, 2010.",FALSE,FALSE
Drylie T._et_al_2018,"Drylie, T. P., Lohrer, A. M., Needham, H. R., Bulmer, R. H., & Pilditch, C. A. (2018). Benthic primary production in emerged intertidal habitats provides resilience to high water column turbidity. Journal of sea research, 142, 101-112.",FALSE,FALSE
Duarte C._et_al_2002,"Duarte, C. M., Martı́nez, R., & Barrón, C. (2002). Biomass, production and rhizome growth near the northern limit of seagrass (Zostera marina) distribution. Aquatic Botany, 72(2), 183-189.",FALSE,FALSE
Duarte C._et_al_2002,"Duarte, C. M., Martı́nez, R., & Barrón, C. (2002). Biomass, production and rhizome growth near the northern limit of seagrass (Zostera marina) distribution. Aquatic Botany, 72(2), 183-189.",FALSE,FALSE
Duarte C.M._et_al_1996,"Duarte, C.M. and J. Cebrián, The fate of marine autotrophic production. Limnology and Oceanography, 1996.",FALSE,FALSE
Duarte C.M._et_al_2013,"Duarte, C.M., T. Sintes, and N. Marbà, Assessing the CO2 capture potential of seagrass restoration projects. Journal of Applied Ecology, 2013.",FALSE,FALSE
E. T._et_al_,"E. T. Apostolaki, Unpublished",FALSE,FALSE
Eklöf J._et_al_2005,"Eklöf, J., et al., Differences in macrofaunal and seagrass assemblages in seagrass beds with and without seaweed farms. Estuarine, Coastal and …, 2005.",FALSE,FALSE
Eklöf J._et_al_2006,"Eklöf, J., R. Henriksson, and N. Kautsky, Effects of tropical open-water seaweed farming on seagrass ecosystem structure and function. Marine Ecology Progress Series, 2006.",FALSE,FALSE
Erftemeier P._et_al_1993,"Erftemeier P., R. Osinga and M. Astrid. 1993. Primary production of seagrass beds in South Sulawesi (Indonesia): a comparison of habitats,
methods and species. Aquat. Bot. 46: 67-90.",FALSE,FALSE
FIGUEIREDO J._et_al_2005,"FIGUEIREDO, J., SILVA, R. W., & Catarino, J. B. (2005). Changing use of the estuarine system of the Ria de Aveiro, Portugal, and resultant impact on tidal flat sediments. RMZ-Materials and Geoenvironment, 52(1), 111-114.",FALSE,FALSE
Fisher R._et_al_2003,"Fisher, R., and Sheaves, M. J. (2003). Community structure and spatial variability of marine nematodes in tropical Australian pioneer seagrass meadows. Hydrobiologia, 495(1-3), 143-158.",FALSE,FALSE
Fortes M.D._et_al_2012,"Fortes, M.D., Go, G.A., Bolisay, K., Nakaoka, M., Uy, W.H., Lopez, M.R., Leopardas, V., Leriorato, J., Pantallano, A., Paciencia, F.J. and Watai, M., 2012, July. Seagrass response to mariculture-induced physico-chemical gradients in Bolinao, northwestern Philippines. In Proc 12th Int Coral Reef Symp (pp. 9-13).",FALSE,FALSE
Fourqurean J.W._et_al_2010,"Fourqurean, J.W., et al., Effects of excluding sea turtle herbivores from a seagrass bed: Overgrazing may have led to loss of seagrass meadows in Bermuda. Marine Ecology Progress Series, 2010.",FALSE,FALSE
Gacia E._et_al_2003,"Gacia, E., et al., Sediment deposition and production in SE-Asia seagrass meadows. Estuarine, Coastal and …, 2003.",FALSE,FALSE
Gacia E._et_al_2005,"Gacia, E., Kennedy, H., Duarte, C. M., Terrados, J., Marbà, N., Papadimitriou, S., & Fortes, M. (2005). Light-dependence of the metabolic balance of a highly productive Philippine seagrass community. Journal of Experimental Marine Biology and Ecology, 316(1), 55-67.",FALSE,FALSE
Garcias-Bonet N._et_al_2017,"Garcias-Bonet, N. and C. Duarte, Methane production by seagrass ecosystems in the Red Sea. Frontiers in Marine Science, 2017.",FALSE,FALSE
Gazeau F._et_al_2005,"Gazeau, F., Duarte, C.M., Gattuso, J.P., Barrón, C., Navarro, N., Ruiz, S., Prairie, Y.T., Calleja, M., Delille, B., Frankignoulle, M. and Borges, A.V., 2005. Whole-system metabolism and CO 2 fluxes in a Mediterranean Bay dominated by seagrass beds (Palma Bay, NW Mediterranean). Biogeosciences, 2(1), pp.43-60.",FALSE,FALSE
Gazeau F._et_al_2005,"Gazeau, F., Duarte, C.M., Gattuso, J.P., Barrón, C., Navarro, N., Ruiz, S., Prairie, Y.T., Calleja, M., Delille, B., Frankignoulle, M. and Borges, A.V., 2005. Whole-system metabolism and CO 2 fluxes in a Mediterranean Bay dominated by seagrass beds (Palma Bay, NW Mediterranean). Biogeosciences, 2(1), pp.43-60.",FALSE,FALSE
Gullström M._et_al_2006,"Gullström, M., Lundén, B., Bodin, M., Kangwe, J., Öhman, M. C., Mtolera, M. S., & Björk, M. (2006). Assessment of changes in the seagrass-dominated submerged vegetation of tropical Chwaka Bay (Zanzibar) using satellite remote sensing. Estuarine, Coastal and Shelf Science, 67(3), 399-408.",FALSE,FALSE
Harcourt W.D._et_al_2018,"Harcourt, W.D., R.A. Briers, and M. Huxham, The thin(ning) green line? Investigating changes in Kenya’s seagrass coverage. Biology Letters, 2018.",FALSE,FALSE
Heffernan J._et_al_1983,"Heffernan, J. J., & Gibson, R. A. (1983). A comparison of primary production rates in Indian River, Florida seagrass systems. Florida Scientist, 295-306.",FALSE,FALSE
Herbert D._et_al_2008,"Herbert, D. A., & Fourqurean, J. W. (2008). Ecosystem structure and function still altered two decades after short-term fertilization of a seagrass meadow. Ecosystems, 11(5), 688-700.",FALSE,FALSE
Hinode K._et_al_2020,"Hinode, K., et al., The phenology of gross ecosystem production in a macroalga and seagrass canopy is driven by seasonal temperature. Phycological Research, 2020.",FALSE,FALSE
Holmer M._et_al_2001,"Holmer, M., Andersen, F. Ø., Nielsen, S. L., & Boschker, H. T. (2001). The importance of mineralization based on sulfate reduction for nutrient regeneration in tropical seagrass sediments. Aquatic Botany, 71(1), 1-17.",FALSE,FALSE
Holmer M._et_al_2006,"Holmer, M., Carta, C., and Andersen, F. O. (2006). Biogeochemical implications for phosphorus cycling in sandy and muddy rhizosphere sediments of Zostera marina meadows (Denmark). Marine Ecology-Progress Series 320, 141-151. doi:10.3354/meps320141",FALSE,FALSE
Holmer M._et_al_2006,"Holmer, M., O. Pedersen, and K. Ikejima, Sulfur cycling and sulfide intrusion in mixed Southeast Asian tropical seagrass meadows. Botanica Marina, 2006.",FALSE,FALSE
Hume A.C._et_al_2011,"Hume, A.C., P. Berg, and K.J. McGlathery, Dissolved oxygen fluxes and ecosystem metabolism in an eelgrass (Zostera marina) meadow measured with the eddy correlation technique. Limnology and Oceanography, 2011.",FALSE,FALSE
Isaksen M._et_al_1996,"Isaksen, M. F., and Finster, K. (1996). Sulphate reduction in the root zone of the seagrass Zostera noltii on the intertidal flats of a coastal lagoon (Arcachon, France). Marine Ecology-Progress Series 137, 187-194.",FALSE,FALSE
J. W._et_al_,"J. W. Fourqurean, unpublished data",FALSE,FALSE
Jephson T._et_al_2008,"Jephson, T., Nyström, P., Moksnes, P. O., & Baden, S. P. (2008). Trophic interactions in Zostera marina beds along the Swedish coast. Marine Ecology Progress Series, 369, 63-76.",FALSE,FALSE
Johannessen S.C._et_al_2018,"Johannessen, S.C. and R.W. Macdonald, Reply to Oreska et al 'Comment on Geoengineering with seagrasses: Is credit due where credit is given?'. Environmental Research Letters, 2018.",FALSE,FALSE
Kelaher B.P._et_al_2018,"Kelaher, B.P., M.A. Coleman, and M.J. Bishop, Ocean warming, but not acidification, accelerates seagrass decomposition under near-future climate scenarios. Marine Ecology Progress Series, 2018.",FALSE,FALSE
Kelkar N._et_al_2013,"Kelkar, N., et al., Green turtle herbivory dominates the fate of seagrass primary production in the Lakshadweep islands (Indian Ocean). Marine Ecology Progress Series, 2013.",FALSE,FALSE
Kenworthy J._et_al_1984,"Kenworthy, J. W., & Thayer, G. W. (1984). Production and decomposition of the roots and rhizomes of seagrasses, Zostera marina and Thalassia testudinum, in temperate and subtropical marine ecosystems. Bulletin of Marine Science, 35(3), 364-379.",FALSE,FALSE
Khairunnisa I._et_al_2018,"Khairunnisa, I. Setyobudiandi, and M. Boer, THE ESTIMATION OF SEAGRASS CARBON STOCKS IN THE EAST COAST OF BINTAN REGENCY. Jurnal Ilmu Dan Teknologi Kelautan Tropis, 2018.",FALSE,FALSE
Kim Y.K._et_al_2012,"Kim, Y.K., et al., Growth dynamics of the seagrass, Zostera marina in Jindong Bay on the southern coast of Korea. Algae, 2012.",FALSE,FALSE
Klumpp D._et_al_1992,"Klumpp, D., J. Salita-Espinosa, and M. Fortes, The role of epiphytic periphyton and macroinvertebrate grazers in the trophic flux of a tropical seagrass community. Aquatic Botany, 1992.",FALSE,FALSE
Koch M._et_al_2013,"Koch, M., et al., Climate change and ocean acidification effects on seagrasses and marine macroalgae. Global Change Biology, 2013.",FALSE,FALSE
Kuo Y.-M._et_al_2010,"Kuo, Y.-M. and H.-J. Lin, Dynamic factor analysis of long-term growth trends of the intertidal seagrass Thalassia hemprichii in southern Taiwan. Estuarine Coastal and Shelf Science, 2010.",FALSE,FALSE
La Loggia_et_al_2004,"La Loggia, G., et al., Influence of hydrodynamic conditions on the production and fate of Posidonia oceanica in a semi-enclosed shallow basin (Stagnone di Marsala, western Sicily). Chemistry and Ecology, 2004.",FALSE,FALSE
LaRoche C.K._et_al_2019,"LaRoche, C.K., et al., Decade of change in Enhalus acoroides seagrass meadows in Guam, Mariana Islands. Marine and Freshwater Research, 2019.",FALSE,FALSE
Lebreton B._et_al_2009,"Lebreton, B., et al., Are epiphytes a significant component of intertidal Zostera noltii beds? Aquatic Botany, 2009.",FALSE,FALSE
Lee J.S._et_al_2017,"Lee, J.S., et al., Estimation of Net Ecosystem Metabolism of Seagrass Meadows in the Coastal Waters of the East Sea and Black Sea using the Noninvasive Eddy Covariance Technique. Ocean Science Journal, 2017.",FALSE,FALSE
Lee K.-S._et_al_2007,"Lee, K.-S., S.R. Park, and Y.K. Kim, Effects of irradiance, temperature, and nutrients on growth dynamics of seagrasses: A review. Journal of Experimental Marine Biology and Ecology, 2007.",FALSE,FALSE
Leiva-Dueñas C._et_al_2018,"Leiva-Dueñas, C., et al., Millennial-scale trends and controls in Posidonia oceanica (L. Delile) ecosystem productivity. Global and Planetary Change, 2018.",FALSE,FALSE
Leuschner C._et_al_1993,"Leuschner, C. and U. Rees, CO2 gas exchange of two intertidal seagrass species, Zostera marina L. and Zostera noltii Hornem., during emersion. Aquatic Botany, 1993.",FALSE,FALSE
Lindeboom H._et_al_1989,"Lindeboom, H. J., & Sandee, A. J. J. (1989). Production and consumption of tropical seagrass fields in eastern Indonesia measured with bell jars and microelectrodes. Netherlands Journal of Sea Research, 23(2), 181-190.",FALSE,FALSE
Liu S._et_al_2019,"Liu, S., et al., Beach-cast seagrass wrack contributes substantially to global greenhouse gas emissions. Journal of Environmental Management, 2019.",FALSE,FALSE
Macklin P.A._et_al_2019,"Macklin, P.A., et al., Drivers of CO2 along a mangrove-seagrass transect in a tropical bay: Delayed groundwater seepage and seagrass uptake. Continental Shelf Research, 2019.",FALSE,FALSE
Macreadie P.I._et_al_2017,"Macreadie, P.I., et al., Commentary: Evaluating the role of seagrass in Cenozoic CO2 variations. Frontiers in Environmental Science, 2017.",FALSE,FALSE
Mann K.H._et_al_1986,"Mann, K.H., The role of detritus at the land-sea boundary. Elsevier Oceanography Series, 1986.",FALSE,FALSE
Marbà N._et_al_1997,"Marbà, N. and C. Duarte, Interannual changes in seagrass (Posidonia oceanica) growth and environmental change in the Spanish Mediterranean littoral zone. Limnology and oceanography, 1997.",FALSE,FALSE
Martin S._et_al_2005,"Martin, S., Clavier, J., Guarini, J.M., Chauvaud, L., Hily, C., Grall, J., Thouzeau, G., Jean, F. and Richard, J., 2005. Comparison of Zostera marina and maerl community metabolism. Aquatic Botany, 83(3), pp.161-174.",FALSE,FALSE
Martin S._et_al_2005,"Martin, S., Clavier, J., Guarini, J.M., Chauvaud, L., Hily, C., Grall, J., Thouzeau, G., Jean, F. and Richard, J., 2005. Comparison of Zostera marina and maerl community metabolism. Aquatic Botany, 83(3), pp.161-174.",FALSE,FALSE
Martins A.R.O._et_al_2001,"Martins, A.R.O. and S.O. Bandeira, Biomass distribution and leaf nutrient concentrations and resorption of Thalassia hemprichii at Inhaca Island, Mozambique. South African Journal of Botany, 2001.",FALSE,FALSE
Mateo M.A._et_al_1997,"Mateo, M.A., et al., Dynamics of millenary organic deposits resulting from the growth of the Mediterranean seagrass Posidonia oceanica. Estuarine, Coastal and Shelf Science, 1997.",FALSE,FALSE
Menendez M._et_al_2002,"Menendez, M., O. Hernandez, and F.A. Comin, Spatial distribution and ecophysiological characteristics of macrophytes in a Mediterranean coastal lagoon. Estuarine Coastal and Shelf Science, 2002.",FALSE,FALSE
Migné A._et_al_2016,"Migné, A., et al., Spatial and temporal variability of CO2 fluxes at the sediment-air interface in a tidal flat of a temperate lagoon (Arcachon Bay, France). Journal of Sea Research, 2016.",FALSE,FALSE
Mishra A._et_al_2020,"Mishra, A. K., & Apte, D. (2020). Ecological connectivity with mangroves influences tropical seagrass population longevity and meadow traits within an island ecosystem. Marine Ecology Progress Series, 644, 47-63.",FALSE,FALSE
Misson G._et_al_2021,"Misson, G., et al., Environmental methane emissions from seagrass wrack and evaluation of salinity effect on microbial community composition. Journal of Cleaner Production, 2021.",FALSE,FALSE
Mizushima T._et_al_1985,"Mizushima, T., SEASONAL CHANGES IN STANDING CROP AND PRODUCTION OF EELGRASS ZOSTERA-MARINA IN NOTSUKE BAY EASTERN HOKKAIDO JAPAN. Scientific Reports of Hokkaido Fisheries Experimental Station, 1985.",FALSE,FALSE
Moncreiff C._et_al_1992,"Moncreiff, C. A., Sullivan, M. J., & Daehnick, A. E. (1992). Primary production dynamics in seagrass beds of Mississippi Sound: the contributions of seagrass, epiphytic algae, sand microflora, and phytoplankton. Marine Ecology-Progress Series, 87, 161-161.",FALSE,FALSE
Monnier B._et_al_2020,"Monnier, B., et al., THE POSIDONIA OCEANICA MATTE: A UNIQUE COASTAL CARBON SINK FOR CLIMATE CHANGE MITIGATION AND IMPLICATIONS FOR MANAGEMENT. Vie Et Milieu-Life and Environment, 2020.",FALSE,FALSE
Montfrans J.v._et_al_1984,"Montfrans, J.v., R. Wetzel, and R. Orth, Epiphyte-grazer relationships in seagrass meadows: consequences for seagrass growth and production. Estuaries, 1984.",FALSE,FALSE
Morgan M._et_al_1984,"Morgan, M. and C. Kitting, Productivity and utilization of the seagrass Halodule wrightii and its attached epiphytes 1. Limnology and Oceanography, 1984.",FALSE,FALSE
Morgan M._et_al_1984,"Morgan, M. D., & Kitting, C. L. (1984). Productivity and utilization of the seagrass Halodule wrightii and its attached epiphytes 1. Limnology and Oceanography, 29(5), 1066-1076.",FALSE,FALSE
Moriarty D._et_al_1990,"Moriarty, D. J. W., Roberts, D. G., & Pollard, P. C. (1990). Primary and bacterial productivity of tropical seagrass communities in the Gulf of Carpentaria, Australia. Marine Ecology Progress Series, 145-157.",FALSE,FALSE
Murray L._et_al_1987,"Murray, L., & Wetzel, R. L. (1987). Oxygen production and consumption associated with the major autotrophic components in two temperate seagrass communities. Mar Ecol Prog Ser, 38, 231-239.",FALSE,FALSE
Murray L._et_al_1987,"Murray, L., & Wetzel, R. L. (1987). Oxygen production and consumption associated with the major autotrophic components in two temperate seagrass communities. Mar Ecol Prog Ser, 38, 231-239.",FALSE,FALSE
N. Marba_et_al_,"N. Marba, unpublished data",FALSE,FALSE
Nagel J._et_al_2007,"Nagel, J. L. (2007). Plant-sediment interactions and biogeochemical cycling for seagrass communities in Chesapeake and Florida Bays. University of Maryland, College Park.",FALSE,FALSE
Nixon S._et_al_1972,"Nixon, S. W., & Oviatt, C. A. (1972). Preliminary measurements of midsummer metabolism in beds of eelgrass, Zostera marina. Ecology, 53(1), 150-153.",FALSE,FALSE
Nixon S._et_al_1972,"Nixon, S. W., & Oviatt, C. A. (1972). Preliminary measurements of midsummer metabolism in beds of eelgrass, Zostera marina. Ecology, 53(1), 150-153.",FALSE,FALSE
Ochieng C._et_al_1999,"Ochieng, C. and P. Erftemeijer, Accumulation of seagrass beach cast along the Kenyan coast: a quantitative assessment. Aquatic botany, 1999.",FALSE,FALSE
Odum E._et_al_1959,"Odum, E. P., & Smalley, A. E. (1959). Comparison of population energy flow of a herbivorous and a deposit-feeding invertebrate in a salt marsh ecosystem. Proceedings of the National Academy of Sciences of the United States of America, 45(4), 617.",FALSE,FALSE
Odum H._et_al_1956,"Odum, H. T. (1956). Primary production in flowing waters 1. Limnology and oceanography, 1(2), 102-117.",FALSE,FALSE
Odum H._et_al_1962,"Odum, H. T., & Wilson, R. F. (1962). Further studies on reaeration and metabolism of Texas bays, 1958-1960.",FALSE,FALSE
Odum H._et_al_1963,"Odum, H. T. (1963). Productivity measurements in Texas turtle sea grass and the effects of dredging an intercoastal channel.",FALSE,FALSE
Olesen B._et_al_1994,"Olesen, B., & Sand-Jensen, K. (1994). Biomass-density patterns in the temperate seagrass Zostera marina. Marine Ecology-Progress Series, 109, 283-283.",FALSE,FALSE
Olivé I._et_al_2016,"Olivé, I., et al., Estimating Seagrass Community Metabolism Using Benthic Chambers: The Effect of Incubation Time. Estuaries and Coasts, 2016.",FALSE,FALSE
Ollivier Q._et_al_2022,"Ollivier, Q. R., Maher, D. T., Pitfield, C., & Macreadie, P. I. (2022). Net Drawdown of Greenhouse Gases (CO2, CH4 and N2O) by a Temperate Australian Seagrass Meadow. Estuaries and Coasts, 1-14.",FALSE,FALSE
Orr D._et_al_1992,"Orr, D. W., & Ogden, J. C. (1992). The impact of Hurricane Andrew on the ecosystems of South Florida. Conservation Biology, 6(4), 488-490.",FALSE,FALSE
Orth R._et_al_2020,"Orth, R., et al., Restoration of seagrass habitat leads to rapid recovery of coastal ecosystem services. Science …, 2020.",FALSE,FALSE
Papadimitriou S._et_al_2005,"Papadimitriou, S., et al., Sources of organic matter in seagrass-colonized sediments: A stable isotope study of the silt and clay fraction from Posidonia oceanica meadows in the western Mediterranean. Organic Geochemistry, 2005.",FALSE,FALSE
Perez D.I._et_al_2018,"Perez, D.I., et al., Primary Production and Calcification Rates of Algae-Dominated Reef Flat and Seagrass Communities. Journal of Geophysical Research: Biogeosciences, 2018.",FALSE,FALSE
Pergent G._et_al_1997,"Pergent, G., V. Rico-Raimondino, and C. Pergent-Martini, Fate of primary production in Posidonia oceanica meadows of the Mediterranean. Aquatic Botany, 1997.",FALSE,FALSE
Pergent-Martini C._et_al_2021,"Pergent-Martini, C., et al., Contribution of Posidonia oceanica meadows in the context of climate change mitigation in the Mediterranean Sea. Marine Environmental Research, 2021.",FALSE,FALSE
Plus M._et_al_2001,"Plus, M., Deslous-Paoli, J. M., Auby, I., & Dagault, F. (2001). Factors influencing primary production of seagrass beds (Zostera noltii Hornem.) in the Thau lagoon (French Mediterranean coast). Journal of Experimental Marine Biology and Ecology, 259(1), 63-84.",FALSE,FALSE
Pollard P._et_al_1993,"Pollard, P. C., & Kogure, K. (1993). The role of epiphytic and epibenthic algal productivity in a tropical seagrass, Syringodium isoetifolium (Aschers.) Dandy, community. Marine and Freshwater Research, 44(1), 141-154.",FALSE,FALSE
Polsenaere P._et_al_2012,"Polsenaere, P., et al., Spatial and temporal CO2 exchanges measured by Eddy Covariance over a temperate intertidal flat and their relationships to net ecosystem production. Biogeosciences, 2012.",FALSE,FALSE
Prasad M.H.K._et_al_2019,"Prasad, M.H.K., et al., Seagrass litter decomposition: an additional nutrient source to shallow coastal waters. Environmental Monitoring and Assessment, 2019.",FALSE,FALSE
Qasim S._et_al_1971,"Qasim, S. Z., & Bhattathiri, P. M. A. (1971). Primary production of a seagrass bed on Kavaratti Atoll (Laccadives). Hydrobiologia, 38(1), 29-38.",FALSE,FALSE
Ramadona D._et_al_2021,"Ramadona, D. N., Ain, C., Febrianto, S., & Latifah, N. (2021). POTENSI SIMPANAN KARBON PADANG LAMUN DI PANTAI POKEMON, KARIMUNJAWA. Jurnal Ilmu dan Teknologi Kelautan Tropis, 13(2), 319-332.",FALSE,FALSE
Ramesh R._et_al_2018,"Ramesh, R., et al., Importance of seagrass management for effective mitigation of climate change. Coastal Management: Global Challenges and Innovations, 2018.",FALSE,FALSE
Rasheed M._et_al_2011,"Rasheed, M. A., & Unsworth, R. K. (2011). Long-term climate-associated dynamics of a tropical seagrass meadow: implications for the future. Marine Ecology Progress Series, 422, 93-103.",FALSE,FALSE
Reyes E._et_al_1991,"Reyes, E., & Merino, M. (1991). Diel dissolved oxygen dynamics and eutrophication in a shallow, well-mixed tropical lagoon (Cancun, Mexico). Estuaries, 14(4), 372-381.",FALSE,FALSE
Reynolds L.K._et_al_2016,"Reynolds, L.K., et al., Ecosystem services returned through seagrass restoration. Restoration Ecology, 2016.",FALSE,FALSE
Rheuban JE_et_al_2014,"Rheuban JE, Berg P, McGlathery KJ (2014) Multiple timescale processes drive ecosystem metabolism in eelgrass (Zostera marina) meadows. Mar Ecol-Prog Ser 507:1–13",FALSE,FALSE
Risgaard-Petersen N._et_al_2000,"Risgaard-Petersen, N., & Ottosen, L. D. M. (2000). Nitrogen cycling in two temperate Zostera marina beds: seasonal variation. Marine Ecology Progress Series, 198, 93-107.",FALSE,FALSE
Risgaard-Petersen N._et_al_2000,"Risgaard-Petersen, N., & Ottosen, L. D. M. (2000). Nitrogen cycling in two temperate Zostera marina beds: seasonal variation. Marine Ecology Progress Series, 198, 93-107.",FALSE,FALSE
Rosenfeld J._et_al_1979,"Rosenfeld, J. K. (1979). Interstitial water and sediment chemistry of two cores from Florida Bay. Journal of Sedimentary Petrology 49, 989-994.",FALSE,FALSE
Rosentreter J.A._et_al_2020,"Rosentreter, J.A. and P. Williamson, Concerns and uncertainties relating to methane emissions synthesis for vegetated coastal ecosystems. Global Change Biology, 2020.",FALSE,FALSE
Saderne V._et_al_2019,"Saderne, V., et al., Characterization of the CO2 System in a Coral Reef, a Seagrass Meadow, and a Mangrove Forest in the Central Red Sea. Journal of Geophysical Research: Oceans, 2019.",FALSE,FALSE
Santos R._et_al_2004,"Santos, R., Silva, J., & Cunha, A. (2004). Relatório final do estudo de caracterização dos bancos de fanerogâmicas e macroalgas no estuário do Rio Arade. Centre of Marine Sciences, Faro, Portugal, 15.",FALSE,FALSE
Schmidt A.L._et_al_2011,"Schmidt, A.L., et al., Ecosystem structure and services in eelgrass Zostera marina and rockweed Ascophyllumnodosum habitats. Marine Ecology Progress Series, 2011.",FALSE,FALSE
Serrano O_et_al_,"Serrano O, Mateo MA, Renom P, Julià R. (Submitted). Insights in the mat of Posidonia oceanica: coring, dating and description. Geoderma",FALSE,FALSE
Serrano O._et_al_2019,"Serrano, O., et al., Australian vegetated coastal ecosystems as global hotspots for climate change mitigation. Nature Communications, 2019.",FALSE,FALSE
Slim F.J._et_al_1996,"Slim, F.J., et al., Tidal exchange of macrolitter between a mangrove forest and adjacent seagrass beds (Gazi bay, Kenya). Aquatic Ecology, 1996.",FALSE,FALSE
Stoner A._et_al_1998,"Stoner, A. W., Ray-Culp, M., and O'Connell, S. M. (1998). Settlement and recruitment of queen conch, Strombus gigas, in seagrass meadows: Associations with habitat and micropredators. Fishery Bulletin 96, 885-899.",FALSE,FALSE
Stutes J._et_al_2007,"Stutes, J., Cebrian, J., Stutes, A. L., Hunter, A., & Corcoran, A. A. (2007). Benthic metabolism across a gradient of anthropogenic impact in three shallow coastal lagoons in NW Florida. Marine Ecology Progress Series, 348, 55-70.",FALSE,FALSE
Tanner J._et_al_2021,"Tanner, J. E., McSkimming, C., Russell, B. D., & Connell, S. D. (2021). Rapid restoration of belowground structure and fauna of a seagrass habitat. Restoration Ecology, 29(1), e13289.",FALSE,FALSE
Terrados J._et_al_1999,"Terrados, J., Agawin, N. S., Duarte, C. M., Fortes, M. D., Kamp-Nielsen, L., and Borum, J. (1999). Nutrient limitation of the tropical seagrass Enhalus acoroides (L.) Royle in Cape Bolinao, NW Philippines. Aquatic Botany, 65(1), 123-139.",FALSE,FALSE
Thom R._et_al_2014,"Thom, R., S. Southard, and A. Borde, Climate-linked Mechanisms Driving Spatial and Temporal Variation in Eelgrass (Zostera marina L.) Growth and Assemblage Structure in Pacific Northwest Estuaries, USA. Journal of Coastal Research, 2014.",FALSE,FALSE
Thorhaug A._et_al_2020,"Thorhaug, A., Belaire, C., Verduin, J.J., Schwarz, A., Kiswara, W., Prathep, A., Gallagher, J.B., Huang, X.P., Berlyn, G., Yap, T.K. and Dorward, S., 2020. Longevity and sustainability of tropical and subtropical restored seagrass beds among Atlantic, Pacific, and Indian Oceans. Marine Pollution Bulletin, 160, p.111544.",FALSE,FALSE
Tokoro T._et_al_2014,"Tokoro, T., et al., Net uptake of atmospheric CO2 by coastal submerged aquatic vegetation. Global Change Biology, 2014.",FALSE,FALSE
Trevathan-Tackett S._et_al_2020,"Trevathan-Tackett, S., et al., Long-term decomposition captures key steps in microbial breakdown of seagrass litter. Science of the Total …, 2020.",FALSE,FALSE
Turk D._et_al_2015,"Turk, D., et al., Community metabolism in shallow coral reef and seagrass ecosystems, lower Florida Keys. Marine Ecology Progress Series, 2015.",FALSE,FALSE
Velimirov B._et_al_1986,"Velimirov, B., DOC dynamics in a Mediterranean seagrass system. Mar. Ecol. Prog. Ser, 1986.",FALSE,FALSE
Vermaat J._et_al_1995,"Vermaat, J. E., Agawin, N. S., Duarte, C. M., Fortes, M. D., Marba, N., & Uri, J. S. (1995). Meadow maintenance, growth and productivity of a mixed Philippine seagrass bed. Marine Ecology Progress Series, 124, 215-225.",FALSE,FALSE
Vermaat J._et_al_1996,"Vermaat, J. and F. Verhagen, Seasonal variation in the intertidal seagrass Zostera noltii Hornem.: coupling demographic and physiological patterns. Aquatic Botany, 1996.",FALSE,FALSE
Viaroli P._et_al_1996,"Viaroli, P., Bartoli, M., Bondavalli, C., Christian, R. R., Giordani, G., & Naldi, M. (1996). Macrophyte communities and their impact on benthic fluxes of oxygen, sulphide and nutrients in shallow eutrophic environments. In Coastal Lagoon Eutrophication and ANaerobic Processes (CLE AN.) (pp. 105-119). Springer, Dordrecht.",FALSE,FALSE
Volkman JK_et_al_2008,"Volkman JK, Revill AT, Holdsworth DG, Fredericks D. 2008. Organic matter sources in an enclosed coastal inlet assessed using lipid biomarkers and stable isotopes. Organic Geochemistry 39: 689-710",FALSE,FALSE
Welsh D._et_al_2000,"Welsh, D. T. (2000). Nitrogen fixation in seagrass meadows: regulation, plant–bacteria interactions and significance to primary productivity. Ecology Letters, 3(1), 58-71.",FALSE,FALSE
Winters G._et_al_2020,"Winters, G., et al., The tropical seagrass Halophila stipulacea: reviewing what we know from its native and invasive habitats, alongside identifying knowledge gaps. Frontiers in Marine …, 2020.",FALSE,FALSE
Wirachwong P._et_al_2010,"Wirachwong, P. and M. Holmer, Nutrient dynamics in 3 morphological different tropical seagrasses and their sediments. Aquatic Botany, 2010.",FALSE,FALSE
Zhang J._et_al_2021,"Zhang, J., et al., Growth of Zostera japonica in different sediment habitats of the Yellow River estuary in China. Environmental Science and Pollution Research, 2021.",FALSE,FALSE
